date,foreign_net,trust_net
2013-01-02,103452,-513000
2013-01-03,-1016700,-201000
2013-01-04,-3650171,-1565000
2013-01-07,-4417700,-102000
2013-01-08,-7149120,-145000
2013-01-09,-2224534,-17000
2013-01-10,1543666,125000
2013-01-11,-3328435,-372000
2013-01-14,46600,-1000
2013-01-15,1972646,-4000
2013-01-16,1750000,-139000
2013-01-17,3255470,-33122
2013-01-18,544000,-33000
2013-01-21,-434000,4000
2013-01-22,-894480,25000
2013-01-23,-2629137,-94000
2013-01-24,-356000,13000
2013-01-25,338468,24000
2013-01-28,7404137,194000
2013-01-29,2305493,7000
2013-01-30,4918000,197000
2013-01-31,8986784,-1000
2013-02-01,2743395,0
2013-02-04,1980000,-1040000
2013-02-05,439000,34000
2013-02-06,1896105,-20000
2013-02-18,128749,-30000
2013-02-19,-2272913,26000
2013-02-20,408106,-351000
2013-02-21,-259252,-57000
2013-02-22,-2503000,-218000
2013-02-23,21000,-64000
2013-02-25,-3154439,-136000
2013-02-26,-5155542,-173000
2013-02-27,-1398547,-280000
2013-03-01,-1230000,-130000
2013-03-04,-1854000,0
2013-03-05,751000,0
2013-03-06,1390420,-19000
2013-03-07,-1833577,-102000
2013-03-08,2505100,-55000
2013-03-11,1228840,157000
2013-03-12,3753172,-525000
2013-03-13,1142200,97000
2013-03-14,1596134,52000
2013-03-15,4588328,-4432000
2013-03-18,-3140650,-12000
2013-03-19,-1823577,-96000
2013-03-20,1516576,-153000
2013-03-21,3232000,20000
2013-03-22,539828,40000
2013-03-25,-1634573,35000
2013-03-26,-325427,-246000
2013-03-27,351000,-51000
2013-03-28,199714,0
2013-03-29,-363000,1000
2013-04-01,533036,-1890000
2013-04-02,-509270,-6000
2013-04-03,-3178000,-200000
2013-04-08,-5550619,-188000
2013-04-09,-6172135,-4000
2013-04-10,-2820000,0
2013-04-11,-4284443,-337000
2013-04-12,-8305234,-671000
2013-04-15,-3574045,-114000
2013-04-16,-2599742,-1587000
2013-04-17,-5822200,-58000
2013-04-18,-8968700,-204000
2013-04-19,-1285400,-1237677
2013-04-22,-3710900,-111000
2013-04-23,-3903583,78350
2013-04-24,1265932,60000
2013-04-25,-1552617,-156000
2013-04-26,2615400,-5000
2013-04-29,1006000,-9000
2013-04-30,-718800,0
2013-05-02,-3200523,0
2013-05-03,-400182,-11000
2013-05-06,-940583,-5000
2013-05-07,258686,-282000
2013-05-08,6296836,-200000
2013-05-09,1790171,-8000
2013-05-10,3637000,147000
2013-05-13,-636420,-6000
2013-05-14,-1045750,-11000
2013-05-15,-1582922,-120000
2013-05-16,3709000,-43000
2013-05-17,1525092,-259000
2013-05-20,2804881,-345243
2013-05-21,1141659,182000
2013-05-22,980260,-201000
2013-05-23,1323477,-2000
2013-05-24,-993612,83000
2013-05-27,776990,23000
2013-05-28,1186000,0
2013-05-29,948728,0
2013-05-30,-1637000,58000
2013-05-31,-848146,200000
2013-06-03,-2848135,0
2013-06-04,267920,0
2013-06-05,-2327621,90000
2013-06-06,-7147305,-120000
2013-06-07,-503185,31000
2013-06-10,1318000,0
2013-06-11,-607592,4000
2013-06-13,-4163782,-71000
2013-06-14,689478,0
2013-06-17,2300420,91000
2013-06-18,-2816930,-3000
2013-06-19,1260557,0
2013-06-20,-961032,0
2013-06-21,-3761544,74000
2013-06-24,-1078000,151000
2013-06-25,942648,0
2013-06-26,1431612,12000
2013-06-27,413888,1111000
2013-06-28,2640515,177000
2013-07-01,-410482,-4000
2013-07-02,529127,25000
2013-07-03,-838600,-44000
2013-07-04,1301666,71000
2013-07-05,3820546,62000
2013-07-08,-699000,290000
2013-07-09,2332050,30000
2013-07-10,1559000,0
2013-07-11,7982976,3542
2013-07-12,1994000,-8000
2013-07-15,-1966000,43000
2013-07-16,1658000,0
2013-07-17,1456000,0
2013-07-18,1764433,49000
2013-07-19,2191813,7000
2013-07-22,383966,0
2013-07-23,6895000,0
2013-07-24,2343000,51000
2013-07-25,4128000,0
2013-07-26,498580,812000
2013-07-29,-906100,-55000
2013-07-30,1696000,12000
2013-07-31,3287000,0
2013-08-01,422000,0
2013-08-02,-441405,0
2013-08-05,-101008,70000
2013-08-06,-350000,0
2013-08-07,-1469000,8000
2013-08-08,-2650594,0
2013-08-09,-1410000,0
2013-08-12,-32000,176000
2013-08-13,821000,126000
2013-08-14,-659858,32000
2013-08-15,-1366027,-145000
2013-08-16,331132,6000
2013-08-19,62386,4000
2013-08-20,2224,1000
2013-08-22,-103459,-621000
2013-08-23,-667000,8000
2013-08-26,146000,12000
2013-08-27,844601,0
2013-08-28,42000,-17000
2013-08-29,50984,-800000
2013-08-30,295187,-74000
2013-09-02,1005305,0
2013-09-03,233000,-68884
2013-09-04,2303500,0
2013-09-05,7099571,7000
2013-09-06,2055000,4000
2013-09-09,1413000,-1000
2013-09-10,3102000,18000
2013-09-11,3239713,14000
2013-09-12,3126000,-39000
2013-09-13,2048000,-40000
2013-09-14,366000,0
2013-09-16,6350000,2000
2013-09-17,1719000,0
2013-09-18,-3815064,5647000
2013-09-23,-7075320,-3000
2013-09-24,2829982,-90000
2013-09-25,1231000,0
2013-09-26,1022730,1000
2013-09-27,1210274,105000
2013-09-30,147496,2000
2013-10-01,304872,-43000
2013-10-02,-1132113,38000
2013-10-03,3171243,44000
2013-10-04,-668000,101000
2013-10-07,48291,0
2013-10-08,1264000,0
2013-10-09,1107255,200000
2013-10-11,2748400,100000
2013-10-14,4650369,0
2013-10-15,3051000,380000
2013-10-16,1859300,0
2013-10-17,4178000,1000
2013-10-18,3692711,-150000
2013-10-21,1895000,623000
2013-10-22,1980564,-9000
2013-10-23,703030,176000
2013-10-24,1007500,30000
2013-10-25,708700,0
2013-10-28,1672350,-24000
2013-10-29,2348000,97000
2013-10-30,5502000,234000
2013-10-31,2793747,-95000
2013-11-01,-1163100,-2000
2013-11-04,1215500,-43000
2013-11-05,26675,92000
2013-11-06,2238300,0
2013-11-07,3165000,0
2013-11-08,-2402000,0
2013-11-11,-4244005,299000
2013-11-12,-4403000,0
2013-11-13,-3536586,13000
2013-11-14,-342092,0
2013-11-15,-4721166,-100000
2013-11-18,-2438000,-54000
2013-11-19,-1369044,0
2013-11-20,-3898994,0
2013-11-21,-3992502,3000
2013-11-22,-2558000,0
2013-11-25,-1836000,-6119
2013-11-26,-2754710,120000
2013-11-27,-956709,0
2013-11-28,-751665,0
2013-11-29,194520,0
2013-12-02,69491,0
2013-12-03,-179747,-150000
2013-12-04,-2947200,-100000
2013-12-05,-1237414,-30000
2013-12-06,-169000,0
2013-12-09,110862,0
2013-12-10,192980,1000
2013-12-11,-2181980,-239000
2013-12-12,332378,-138000
2013-12-13,214530,0
2013-12-16,-637884,0
2013-12-17,-2026392,-4000
2013-12-18,-58320,0
2013-12-19,569390,0
2013-12-20,-1078083,1644000
2013-12-23,-528760,0
2013-12-24,-241000,-11000
2013-12-25,179000,-10000
2013-12-26,-1325000,-2000
2013-12-27,13000,8000
2013-12-30,-1351277,47000
2013-12-31,-455000,345000
2014-01-02,715503,90000
2014-01-03,796900,64000
2014-01-06,3805970,-3000
2014-01-07,786000,400000
2014-01-08,1032000,0
2014-01-09,1649000,690000
2014-01-10,-173130,165000
2014-01-13,4403000,600000
2014-01-14,6318000,591000
2014-01-15,8303930,1046000
2014-01-16,1548480,22000
2014-01-17,1300483,66000
2014-01-20,3468201,1166000
2014-01-21,-1644161,978000
2014-01-22,2831600,16000
2014-01-23,3510857,-72000
2014-01-24,410028,28000
2014-01-27,-2214093,574000
2014-02-05,-1746713,238000
2014-02-06,-3244000,-75000
2014-02-07,-1851000,144000
2014-02-10,-1448000,1000
2014-02-11,-2412018,-325000
2014-02-12,-1292340,126000
2014-02-13,-425350,-26179
2014-02-14,-239814,-32000
2014-02-17,1585000,0
2014-02-18,-756000,-543000
2014-02-19,-150101,25000
2014-02-20,2535642,184000
2014-02-21,1392590,8000
2014-02-24,1126648,36000
2014-02-25,371145,18000
2014-02-26,3138701,-32000
2014-02-27,1499143,-310000
2014-03-03,4278506,-1499000
2014-03-04,4372000,-264000
2014-03-05,7187794,42000
2014-03-06,1067500,-83000
2014-03-07,5986500,-2000
2014-03-10,2194221,51000
2014-03-11,3225550,229000
2014-03-12,3944707,0
2014-03-13,11652922,490000
2014-03-14,5179284,514000
2014-03-17,7800852,21000
2014-03-18,1790340,114000
2014-03-19,4188000,38000
2014-03-20,4165237,2000
2014-03-21,3126094,-1951000
2014-03-24,2822154,161000
2014-03-25,794050,0
2014-03-26,10371303,0
2014-03-27,6283000,720000
2014-03-28,881861,948000
2014-03-31,-5077396,587000
2014-04-01,-949242,-45000
2014-04-02,5855000,41000
2014-04-03,963037,-324000
2014-04-07,-2053680,-198000
2014-04-08,-1290221,25000
2014-04-09,429000,-146000
2014-04-10,-1659416,-5299
2014-04-11,501000,-114000
2014-04-14,-776290,303000
2014-04-15,446000,-307000
2014-04-16,-993000,-187000
2014-04-17,-1606195,-1000
2014-04-18,471000,-248000
2014-04-21,-36000,-25000
2014-04-22,81000,-897000
2014-04-23,-281905,-249000
2014-04-24,-800902,-256000
2014-04-25,644500,-666000
2014-04-28,1879000,0
2014-04-29,-357390,-385000
2014-04-30,1659899,-17000
2014-05-02,-3892469,0
2014-05-05,-760910,-10000
2014-05-06,-390000,-65000
2014-05-07,-106000,0
2014-05-08,5729500,-126000
2014-05-09,64569,-6000
2014-05-12,-4669221,-18000
2014-05-13,904386,-31000
2014-05-14,-3917596,-200000
2014-05-15,-1755400,-735000
2014-05-16,-784560,-555000
2014-05-19,-1716378,-2000
2014-05-20,-1295209,0
2014-05-21,-717130,-18000
2014-05-22,-6038000,448000
2014-05-23,-863406,-376000
2014-05-26,-5281400,218000
2014-05-27,-6605000,92000
2014-05-28,-6658647,-77000
2014-05-29,-8228877,-124000
2014-05-30,-4801794,14000
2014-06-03,-5502000,0
2014-06-04,-2918000,-130000
2014-06-05,-850181,73000
2014-06-06,436700,149000
2014-06-09,-1265320,-201000
2014-06-10,2608603,137000
2014-06-11,1940232,788000
2014-06-12,2584170,150000
2014-06-13,1838524,-11000
2014-06-16,-2373995,204000
2014-06-17,-991653,515000
2014-06-18,1678889,381000
2014-06-19,-5177577,1043000
2014-06-20,-2805430,83000
2014-06-23,-1200895,297000
2014-06-24,-708188,505000
2014-06-25,-635079,759000
2014-06-26,825756,328000
2014-06-27,320800,186000
2014-06-30,925756,774000
2014-07-01,578000,362000
2014-07-02,-886685,14652
2014-07-03,-898000,13000
2014-07-04,-329000,155000
2014-07-07,1320670,14000
2014-07-08,4145444,473000
2014-07-09,1191000,-12000
2014-07-10,1035971,0
2014-07-11,103940,0
2014-07-14,2859520,611000
2014-07-15,4271668,487000
2014-07-16,342605,241000
2014-07-17,831613,126000
2014-07-18,-558000,-33000
2014-07-21,197222,-34000
2014-07-22,984500,49000
2014-07-24,1697682,332000
2014-07-25,-1336642,304000
2014-07-28,3403000,54000
2014-07-29,2181090,4000
2014-07-30,575000,28000
2014-07-31,-5233210,29000
2014-08-01,1789605,-179000
2014-08-04,2048083,28000
2014-08-05,-1152557,328000
2014-08-06,-1036316,8000
2014-08-07,-2233457,103000
2014-08-08,-1910543,189000
2014-08-11,-2545676,-23000
2014-08-12,-803103,60000
2014-08-13,1210000,18000
2014-08-14,1669317,367000
2014-08-15,-1668000,274000
2014-08-18,-570000,50000
2014-08-19,811441,-35000
2014-08-20,-212495,3000
2014-08-21,-1884000,-71000
2014-08-22,3981786,0
2014-08-25,-449500,-98000
2014-08-26,-153567,-39000
2014-08-27,971000,4000
2014-08-28,-636875,31000
2014-08-29,1069400,17000
2014-09-01,-309000,90000
2014-09-02,-823666,0
2014-09-03,-1179656,12000
2014-09-04,-199107,-1006000
2014-09-05,-1644000,-1000
2014-09-09,1157679,-488000
2014-09-10,-1888905,-436000
2014-09-11,504280,-2052000
2014-09-12,-1890860,18000
2014-09-15,-2392281,-563000
2014-09-16,-2862981,-35000
2014-09-17,-3494600,-626000
2014-09-18,-2826351,-551000
2014-09-19,-3189520,-891000
2014-09-22,-2922909,-226009
2014-09-23,-3166000,-1004000
2014-09-24,-1531361,-6000
2014-09-25,-2037233,-70000
2014-09-26,-1474304,-596000
2014-09-29,-4744000,-50000
2014-09-30,-2082575,-324000
2014-10-01,-4865815,0
2014-10-02,-1973250,1000
2014-10-03,-761221,-253000
2014-10-06,-1639830,72000
2014-10-07,-3475308,-52000
2014-10-08,-4131957,-492000
2014-10-09,-3297678,-186000
2014-10-13,-2961000,0
2014-10-14,-511000,-910000
2014-10-15,-3084000,626000
2014-10-16,-3671521,17000
2014-10-17,-2350055,319000
2014-10-20,-2111949,302000
2014-10-21,-2529500,43000
2014-10-22,26979,0
2014-10-23,-110961,10000
2014-10-24,-724310,0
2014-10-27,-469000,-71000
2014-10-28,787400,-3000
2014-10-29,-1458664,214000
2014-10-30,123020,122000
2014-10-31,-434000,0
2014-11-03,14000,-85000
2014-11-04,844000,-36000
2014-11-05,-783542,170000
2014-11-06,28000,100000
2014-11-07,-839004,83000
2014-11-10,82000,-5000
2014-11-11,163400,21000
2014-11-12,-5888862,10000
2014-11-13,-10387000,-50000
2014-11-14,-4614213,150000
2014-11-17,-5446213,-23000
2014-11-18,-2355611,-3000
2014-11-19,-2231442,811000
2014-11-20,-877885,695000
2014-11-21,1035745,1254000
2014-11-24,2388000,117000
2014-11-25,-3064615,116000
2014-11-26,-3127000,0
2014-11-27,-750765,116000
2014-11-28,-1647923,0
2014-12-01,-997505,0
2014-12-02,145700,282000
2014-12-03,-1138830,289000
2014-12-04,-720010,-1172000
2014-12-05,-870000,-160000
2014-12-08,678000,40000
2014-12-09,-688350,348000
2014-12-10,-1380330,-2000
2014-12-11,-830905,24404
2014-12-12,445291,146000
2014-12-15,-1244597,0
2014-12-16,1853421,118000
2014-12-17,230275,240000
2014-12-18,-981258,0
2014-12-19,3294524,-46000
2014-12-22,1017981,291000
2014-12-23,1276000,0
2014-12-24,3906000,-1919000
2014-12-25,284000,0
2014-12-26,1470000,-300000
2014-12-27,0,-50000
2014-12-29,2062682,555000
2014-12-30,181000,-9000
2014-12-31,303000,-94000
2015-01-05,1102000,-614000
2015-01-06,709730,-145000
2015-01-07,-1465000,-194000
2015-01-08,1579664,0
2015-01-09,1952379,-165000
2015-01-12,-196000,380000
2015-01-13,1529700,8000
2015-01-14,-2367705,0
2015-01-15,-617000,89000
2015-01-16,-1138107,-70000
2015-01-19,2495000,-1000
2015-01-20,-239000,0
2015-01-21,585194,-90000
2015-01-22,1760000,-38000
2015-01-23,3420128,772000
2015-01-26,-548257,0
2015-01-27,-1428800,300000
2015-01-28,665000,215000
2015-01-29,-1905000,-279000
2015-01-30,-3383000,-504000
2015-02-02,851160,-6000
2015-02-03,982958,0
2015-02-04,3354642,-92000
2015-02-05,-8121000,-45000
2015-02-06,-3674000,0
2015-02-09,-1462442,433000
2015-02-10,-1282000,0
2015-02-11,-1429000,0
2015-02-12,-83000,31000
2015-02-13,-811770,767000
2015-02-24,-1414345,140000
2015-02-25,20000,-390000
2015-02-26,-334761,-392000
2015-03-02,-1125105,-67000
2015-03-03,-338598,-30000
2015-03-04,-497000,-441000
2015-03-05,-3746000,55000
2015-03-06,-489225,-1367000
2015-03-09,-772400,-2000
2015-03-10,-776229,-84000
2015-03-11,-2843670,-67000
2015-03-12,-237200,-2180784
2015-03-13,-3116800,-751000
2015-03-16,-107902,-96000
2015-03-17,96000,-6000
2015-03-18,-1442196,0
2015-03-19,1960000,-911000
2015-03-20,281000,-120000
2015-03-23,-1824000,-74000
2015-03-24,-2977349,-2000
2015-03-25,-2043000,-61000
2015-03-26,1903000,0
2015-03-27,-1148596,-59000
2015-03-30,4292605,0
2015-03-31,1747000,-172000
2015-04-01,-3709829,0
2015-04-02,-179709,119000
2015-04-07,-724000,-215000
2015-04-08,-3467346,-88000
2015-04-09,516969,-8000
2015-04-10,-3410848,-7000
2015-04-13,-25300,320000
2015-04-14,-123000,-8000
2015-04-15,-1674000,257000
2015-04-16,-765129,-13000
2015-04-17,-1975634,-11000
2015-04-20,4157262,77000
2015-04-21,1735000,-15000
2015-04-22,-407884,-101000
2015-04-23,3464035,0
2015-04-24,7293969,-1000
2015-04-27,3807790,520000
2015-04-28,1331000,-1000
2015-04-29,2694073,-4000
2015-04-30,-499749,19000
2015-05-04,2247239,1115000
2015-05-05,1347281,258000
2015-05-06,1253791,0
2015-05-07,437000,0
2015-05-08,-1190932,0
2015-05-11,-310000,1000
2015-05-12,-1429000,0
2015-05-13,620000,0
2015-05-14,1475751,-1120000
2015-05-15,1934349,267000
2015-05-18,-609000,95000
2015-05-19,776579,5000
2015-05-20,-459000,100000
2015-05-21,-585029,36000
2015-05-22,-1473893,-75000
2015-05-25,924000,0
2015-05-26,743441,96000
2015-05-27,-1112779,0
2015-05-28,-999366,21000
2015-05-29,-298258,-79000
2015-06-01,-2022000,0
2015-06-02,-2361333,0
2015-06-03,-659964,-50000
2015-06-04,-3579470,86
2015-06-05,-3177000,-8000
2015-06-08,-3312504,0
2015-06-09,-1646185,0
2015-06-10,-3936500,-1000
2015-06-11,-1574000,0
2015-06-12,-2244424,-7000
2015-06-15,-1939885,0
2015-06-16,-1802000,-415000
2015-06-17,-2819104,0
2015-06-18,-1190040,32000
2015-06-22,-618744,89000
2015-06-23,-1617000,28000
2015-06-24,-1167974,-21000
2015-06-25,-1579524,11000
2015-06-26,-270000,8000
2015-06-29,107907,1000
2015-06-30,-83385,542000
2015-07-01,-601184,0
2015-07-02,-591656,3000
2015-07-03,-3454000,0
2015-07-06,-573725,0
2015-07-07,-1000000,0
2015-07-08,-5183669,0
2015-07-09,-1527000,-7000
2015-07-13,-1388066,-11000
2015-07-14,-2744000,-179000
2015-07-15,1369106,215000
2015-07-16,1241000,-120000
2015-07-17,-782010,86000
2015-07-20,1502510,-119000
2015-07-21,1482000,-63000
2015-07-22,1599458,0
2015-07-23,-1872000,-39000
2015-07-24,-1218709,254000
2015-07-27,-1398850,23000
2015-07-28,-1923666,203000
2015-07-29,-1020696,19000
2015-07-30,-3499000,-589000
2015-07-31,-2252222,3000
2015-08-03,-1796449,-82000
2015-08-04,-39716,104000
2015-08-05,-1836171,1000
2015-08-06,-536000,-16000
2015-08-07,-1015000,-114000
2015-08-10,1135000,10000
2015-08-11,-289556,-97000
2015-08-12,1210272,-282000
2015-08-13,393272,8000
2015-08-14,-3598731,140000
2015-08-17,-1494359,140000
2015-08-18,-853000,-7000
2015-08-19,-1488126,-1216000
2015-08-20,-765000,-1060000
2015-08-21,-612000,4000
2015-08-24,-2328020,358000
2015-08-25,-1370157,251059
2015-08-26,-566446,271000
2015-08-27,-2118000,-2000
2015-08-28,1430030,2000
2015-08-31,1614060,29000
2015-09-01,-1758250,-34000
2015-09-02,-1067721,126000
2015-09-03,5580,-229000
2015-09-04,-118140,-81000
2015-09-07,511543,20000
2015-09-08,-152424,10000
2015-09-09,2250659,823000
2015-09-10,777201,194000
2015-09-11,-135739,11000
2015-09-14,-877000,4000
2015-09-15,-67000,5000
2015-09-16,-393776,-21000
2015-09-17,332000,-22000
2015-09-18,1342697,-328000
2015-09-21,-2499200,18000
2015-09-22,-778930,299721
2015-09-23,-3234685,0
2015-09-24,-2093000,0
2015-09-25,-1843000,0
2015-09-30,-1818787,250000
2015-10-01,-5237549,588000
2015-10-02,-2922378,-448000
2015-10-05,-1512331,-194000
2015-10-06,-825100,0
2015-10-07,-3407021,83000
2015-10-08,-4608000,0
2015-10-12,-4322000,161000
2015-10-13,-1600972,80000
2015-10-14,-2580000,500000
2015-10-15,-661720,-46000
2015-10-16,-1558850,6000
2015-10-19,-501000,0
2015-10-20,-2025700,-80000
2015-10-21,929000,0
2015-10-22,1839005,0
2015-10-23,-901500,-195000
2015-10-26,-921000,0
2015-10-27,-209840,0
2015-10-28,-859476,0
2015-10-29,-3045202,-1000
2015-10-30,-2454000,-54000
2015-11-02,-757000,-301000
2015-11-03,-104223,6000
2015-11-04,79553,107000
2015-11-05,-1012900,252000
2015-11-06,-2172000,0
2015-11-09,-94827,36000
2015-11-10,-2666000,0
2015-11-11,-2153670,0
2015-11-12,-863000,0
2015-11-13,-3347851,0
2015-11-16,-1892077,0
2015-11-17,344000,0
2015-11-18,-2556505,0
2015-11-19,287000,-801000
2015-11-20,-235000,0
2015-11-23,315221,0
2015-11-24,-358298,0
2015-11-25,-1250900,0
2015-11-26,1056464,210000
2015-11-27,108000,0
2015-11-30,-2570441,1000
2015-12-01,3290917,0
2015-12-02,2805000,-48000
2015-12-03,428577,-69000
2015-12-04,-105501,-32000
2015-12-07,3179250,-34000
2015-12-08,-235856,30000
2015-12-09,-582000,0
2015-12-10,1234000,-6000
2015-12-11,-271372,10000
2015-12-14,289087,-1993
2015-12-15,-1175141,15000
2015-12-16,-2971120,29000
2015-12-17,-321000,28000
2015-12-18,495595,56000
2015-12-21,-109000,13000
2015-12-22,-2233197,9000
2015-12-23,689000,-45000
2015-12-24,100000,20000
2015-12-25,475000,0
2015-12-28,160000,-39000
2015-12-29,119000,-39000
2015-12-30,-1489825,0
2015-12-31,-770989,0
2016-01-04,-3564800,-126000
2016-01-05,-230420,-401000
2016-01-06,-3717798,0
2016-01-07,-1586203,-2000
2016-01-08,1294092,-200000
2016-01-11,-1822660,-191000
2016-01-12,993800,-1661000
2016-01-13,-717683,-2000
2016-01-14,-1178823,-59000
2016-01-15,-5270493,-15000
2016-01-18,-621691,-997000
2016-01-19,-1617263,-6000
2016-01-20,-1646980,-15000
2016-01-21,-154395,0
2016-01-22,717000,0
2016-01-25,2939000,17000
2016-01-26,-1583000,-2000
2016-01-27,442338,0
2016-01-28,1725859,-22000
2016-01-29,1547693,2000
2016-01-30,337000,18000
2016-02-01,765326,0
2016-02-02,2091548,0
2016-02-03,-951471,0
2016-02-05,-566000,75000
2016-02-15,1361140,-763
2016-02-16,387000,0
2016-02-17,1462354,0
2016-02-18,1530052,0
2016-02-19,1137023,0
2016-02-22,131000,0
2016-02-23,-343876,-136000
2016-02-24,477925,221000
2016-02-25,139168,-10000
2016-02-26,887000,63000
2016-03-01,1246682,0
2016-03-02,1061340,-3000
2016-03-03,1925843,36000
2016-03-04,-122084,28000
2016-03-07,2960673,-55000
2016-03-08,4183000,11000
2016-03-09,1825507,-14000
2016-03-10,1171000,-3000
2016-03-11,4690000,-4000
2016-03-14,2685000,0
2016-03-15,2518923,-80000
2016-03-16,1458000,-1000
2016-03-17,4063000,0
2016-03-18,1092789,1811000
2016-03-21,1741600,-85000
2016-03-22,-303000,0
2016-03-23,-589000,0
2016-03-24,1202968,0
2016-03-25,83000,-312000
2016-03-28,140000,0
2016-03-29,-194189,0
2016-03-30,985064,0
2016-03-31,-1159578,17000
2016-04-01,107604,0
2016-04-06,-992864,0
2016-04-07,934000,0
2016-04-08,1335000,0
2016-04-11,71360,0
2016-04-12,1247640,200000
2016-04-13,1297989,64000
2016-04-14,1584121,-23000
2016-04-15,-568507,-40000
2016-04-18,983000,0
2016-04-19,3043000,0
2016-04-20,465816,0
2016-04-21,1215728,18000
2016-04-22,788589,0
2016-04-25,1003760,0
2016-04-26,629213,0
2016-04-27,1308852,0
2016-04-28,-1522512,0
2016-04-29,-3067093,0
2016-05-03,-2381100,35000
2016-05-04,-4595954,-275000
2016-05-05,-3586151,-99000
2016-05-06,-1139000,0
2016-05-09,-1318000,23000
2016-05-10,153000,1138
2016-05-11,1241200,265000
2016-05-12,1683900,60000
2016-05-13,1463000,-24000
2016-05-16,24989,0
2016-05-17,1024056,-125000
2016-05-18,1376013,0
2016-05-19,-132360,0
2016-05-20,214850,-25000
2016-05-23,3339210,35000
2016-05-24,2267408,0
2016-05-25,542000,0
2016-05-26,962315,44000
2016-05-27,324980,0
2016-05-30,1379731,9000
2016-05-31,525300,-2000
2016-06-01,1408614,-155000
2016-06-02,-1179800,-26000
2016-06-03,1045000,0
2016-06-04,86000,0
2016-06-06,958000,-9000
2016-06-07,2296000,-4000
2016-06-08,2538000,0
2016-06-13,2436307,-21000
2016-06-14,851906,0
2016-06-15,1467965,-56000
2016-06-16,1534000,-18000
2016-06-17,989595,32000
2016-06-20,2786000,165000
2016-06-21,-600000,610000
2016-06-22,3179798,0
2016-06-23,2641142,610000
2016-06-24,1339846,97000
2016-06-27,-506749,55000
2016-06-28,73324,1000
2016-06-29,881119,0
2016-06-30,1283776,176000
2016-07-01,1422978,-416000
2016-07-04,1123000,0
2016-07-05,-354350,212000
2016-07-06,-617358,-24000
2016-07-07,2790451,-17000
2016-07-11,2162500,0
2016-07-12,2665119,-175000
2016-07-13,5644025,0
2016-07-14,-2133784,206000
2016-07-15,5543148,-7000
2016-07-18,5476000,-120000
2016-07-19,2557348,17000
2016-07-20,135000,15000
2016-07-21,4718012,-10000
2016-07-22,-3492317,30000
2016-07-25,300000,123000
2016-07-26,-256000,49000
2016-07-27,27000,-2000
2016-07-28,1955000,-20000
2016-07-29,697000,-6820
2016-08-01,2468928,0
2016-08-02,-134800,-3000
2016-08-03,-1998000,-147000
2016-08-04,31000,-1205000
2016-08-05,602945,-2000
2016-08-08,-679529,-249000
2016-08-09,-211904,8000
2016-08-10,-443260,0
2016-08-11,-699000,-16000
2016-08-12,-1476120,13000
2016-08-15,245000,3000
2016-08-16,2821000,399000
2016-08-17,771096,6000
2016-08-18,-31490,40000
2016-08-19,-752670,-78000
2016-08-22,-1157000,0
2016-08-23,-1493000,-2000
2016-08-24,-1266000,27000
2016-08-25,2269800,36000
2016-08-26,-394794,8000
2016-08-29,-2109000,-32000
2016-08-30,-1142983,-16000
2016-08-31,-5378065,-140000
2016-09-01,-141681,-1028000
2016-09-02,3084428,25000
2016-09-05,630442,5000
2016-09-06,3533229,5000
2016-09-07,1071000,6000
2016-09-08,141000,-4000
2016-09-09,-962000,4000
2016-09-10,-515000,0
2016-09-12,-264738,9000
2016-09-13,-1000,-9000
2016-09-14,-1553078,-27000
2016-09-19,5037341,0
2016-09-20,2249529,0
2016-09-21,426952,352000
2016-09-22,1021785,370000
2016-09-23,2645000,18000
2016-09-26,46000,0
2016-09-29,6605351,0
2016-09-30,-852985,33108
2016-10-03,1322361,0
2016-10-04,1069585,0
2016-10-05,3280949,0
2016-10-06,1448777,0
2016-10-07,4769916,0
2016-10-11,1216000,1000
2016-10-12,2090248,0
2016-10-13,-248000,1000
2016-10-14,899000,0
2016-10-17,1983984,0
2016-10-18,-212846,55000
2016-10-19,1184677,127000
2016-10-20,-616943,-15000
2016-10-21,877000,-23000
2016-10-24,-519000,0
2016-10-25,1807100,1000
2016-10-26,344000,-25000
2016-10-27,-2939139,116000
2016-10-28,-78000,0
2016-10-31,-1360587,71700
2016-11-01,612871,-1000
2016-11-02,-939505,491
2016-11-03,-676801,0
2016-11-04,-586000,0
2016-11-07,277525,-4000
2016-11-08,355368,0
2016-11-09,-1778000,0
2016-11-10,-118000,50000
2016-11-11,-5397307,18000
2016-11-14,-4184155,-100000
2016-11-15,-1726364,0
2016-11-16,-1208475,55000
2016-11-17,-1905000,-276000
2016-11-18,-1061667,-200000
2016-11-21,-2715112,0
2016-11-22,-29450,-523000
2016-11-23,-2010702,0
2016-11-24,-951000,-11000
2016-11-25,-177128,0
2016-11-28,-320506,0
2016-11-29,-1753970,-230000
2016-11-30,-1968193,1000
2016-12-01,-2455080,0
2016-12-02,-1292968,0
2016-12-05,-756897,0
2016-12-06,-140540,0
2016-12-07,-672974,48000
2016-12-08,-1327973,0
2016-12-09,-443785,0
2016-12-12,-126000,0
2016-12-13,-1145687,0
2016-12-14,940809,0
2016-12-15,-286494,200000
2016-12-16,519326,99000
2016-12-19,1033623,0
2016-12-20,-90899,0
2016-12-21,-651084,0
2016-12-22,-387328,-82000
2016-12-23,-1179000,12000
2016-12-26,389000,184000
2016-12-27,-21380,0
2016-12-28,831999,20000
2016-12-29,-242000,-36000
2016-12-30,1877000,1000
2017-01-03,-326550,0
2017-01-04,-1111500,0
2017-01-05,-2193466,456000
2017-01-06,-3690172,398000
2017-01-09,2249896,50000
2017-01-10,-1749000,210000
2017-01-11,1338132,-36000
2017-01-12,1995678,0
2017-01-13,1051359,0
2017-01-16,1374675,0
2017-01-17,822920,0
2017-01-18,-36008,0
2017-01-19,854699,125000
2017-01-20,-855489,100000
2017-01-23,-629854,300
2017-01-24,1067737,3000
2017-02-02,-544392,-40000
2017-02-03,-1378705,119000
2017-02-06,-268620,0
2017-02-07,-2068515,-38000
2017-02-08,-3273736,0
2017-02-09,-3103714,140000
2017-02-10,-1427290,0
2017-02-13,258438,300000
2017-02-14,787731,1000
2017-02-15,-7290,0
2017-02-16,-954040,-24000
2017-02-17,-2063000,1000
2017-02-18,80000,0
2017-02-20,-884000,9000
2017-02-21,-2410000,0
2017-02-22,-1806738,0
2017-02-23,1543804,-99000
2017-02-24,716437,-70000
2017-03-01,61314,-246000
2017-03-02,2299576,-214000
2017-03-03,980853,15000
2017-03-06,599552,0
2017-03-07,2017923,279000
2017-03-08,-1452378,0
2017-03-09,-874521,90000
2017-03-10,1614378,-4000
2017-03-13,1208904,15000
2017-03-14,3819920,45000
2017-03-15,510648,-265000
2017-03-16,3497000,11000
2017-03-17,854516,58000
2017-03-20,237000,75000
2017-03-21,4594672,43000
2017-03-22,-3604095,0
2017-03-23,336441,-475000
2017-03-24,341144,-73000
2017-03-27,1547301,5000
2017-03-28,1750493,-600000
2017-03-29,-10224832,0
2017-03-30,-2723537,-94000
2017-03-31,-2615500,81000
2017-04-05,1839276,-47000
2017-04-06,1431000,0
2017-04-07,-1032643,-176000
2017-04-10,3514894,2000
2017-04-11,388522,0
2017-04-12,484281,-13000
2017-04-13,1453000,0
2017-04-14,1009000,-10000
2017-04-17,695000,0
2017-04-18,-595040,1000
2017-04-19,-793057,0
2017-04-20,-143705,1000
2017-04-21,-122323,0
2017-04-24,1081272,0
2017-04-25,1602614,16002
2017-04-26,-2996321,1000
2017-04-27,-1292532,-23000
2017-04-28,-380413,-6000
2017-05-02,1616000,-3000
2017-05-03,851000,0
2017-05-04,77537,-1000
2017-05-05,857112,0
2017-05-08,328253,0
2017-05-09,-248394,0
2017-05-10,1357832,-21000
2017-05-11,507255,0
2017-05-12,1615351,0
2017-05-15,2288863,152000
2017-05-16,2717743,444000
2017-05-17,2037022,-12000
2017-05-18,120829,-4000
2017-05-19,640422,-20000
2017-05-22,3110871,-1000
2017-05-23,175249,0
2017-05-24,2795519,0
2017-05-25,-1008207,-4000
2017-05-26,872388,2751000
2017-05-31,2466257,175000
2017-06-01,-704493,0
2017-06-02,406000,-159000
2017-06-03,10000,394000
2017-06-05,70309,7000
2017-06-06,-1388000,21000
2017-06-07,-3816394,28000
2017-06-08,-534457,-1000
2017-06-09,2155000,73000
2017-06-12,-775270,-115000
2017-06-13,-666000,60000
2017-06-14,-400992,-11000
2017-06-15,513455,-148000
2017-06-16,1539381,-378000
2017-06-19,1385541,220000
2017-06-20,287154,40000
2017-06-21,1507587,4000
2017-06-22,-395854,-63000
2017-06-23,484639,96000
2017-06-26,2112200,-6000
2017-06-27,573000,929000
2017-06-28,2718106,-53000
2017-06-29,54000,-2000
2017-06-30,-587039,5000
2017-07-03,166152,-135000
2017-07-04,-1233000,-99000
2017-07-05,-164865,38000
2017-07-06,256000,-6000
2017-07-07,-123010,-12000
2017-07-10,-440585,-4000
2017-07-11,-369774,0
2017-07-12,1238363,-7000
2017-07-13,1209072,-7000
2017-07-14,559133,-8000
2017-07-17,465000,-14
2017-07-18,1009066,13000
2017-07-19,678000,0
2017-07-20,151840,91000
2017-07-21,1477338,607000
2017-07-24,-397428,159000
2017-07-25,1086581,2225000
2017-07-26,1381524,124000
2017-07-27,1396000,0
2017-07-28,1257392,348000
2017-07-31,386220,231000
2017-08-01,4025000,152000
2017-08-02,4614277,-2000
2017-08-03,1535936,131000
2017-08-04,4150000,380000
2017-08-07,907260,193000
2017-08-08,1666000,213000
2017-08-09,-891552,20000
2017-08-10,1614032,109000
2017-08-11,-7492000,-1157000
2017-08-14,-2312334,-866000
2017-08-15,514200,-697000
2017-08-16,-3834000,-114000
2017-08-17,-1417000,-503000
2017-08-18,-1366000,-257000
2017-08-21,-992000,-123000
2017-08-22,-749500,0
2017-08-23,-1417000,-141000
2017-08-24,-738600,-130000
2017-08-25,1390803,-220000
2017-08-28,-445910,113000
2017-08-29,-3265341,-274000
2017-08-30,-1562982,0
2017-08-31,-2172147,0
2017-09-01,-1556000,-3000
2017-09-04,-646811,-42000
2017-09-05,-1952968,0
2017-09-06,-1089161,-302000
2017-09-07,-718499,-631000
2017-09-08,-1764228,-136000
2017-09-11,-1604106,113000
2017-09-12,-1225658,52000
2017-09-13,-88126,4000
2017-09-14,-1100550,58000
2017-09-15,-3308304,54000
2017-09-18,-436759,58000
2017-09-19,-14913,363000
2017-09-20,-2057628,310000
2017-09-21,-358916,452000
2017-09-22,-2112567,-42000
2017-09-25,-4625007,0
2017-09-26,-2279273,-487000
2017-09-27,-5171973,-1605000
2017-09-28,3950171,4000
2017-09-29,-705237,-17000
2017-09-30,207000,0
2017-10-02,174000,-17000
2017-10-03,200000,-195815
2017-10-05,-410000,-42000
2017-10-06,-1365669,0
2017-10-11,-1019713,-4000
2017-10-12,-20182,-100000
2017-10-13,-744752,0
2017-10-16,7461605,57000
2017-10-17,678000,458000
2017-10-18,1470492,-16000
2017-10-19,-90215,29000
2017-10-20,-2560736,0
2017-10-23,86261,-1000
2017-10-24,-780149,-3000
2017-10-25,-309046,0
2017-10-26,-513874,-1000
2017-10-27,-692263,-85000
2017-10-30,-1257000,0
2017-10-31,-566000,0
2017-11-01,-2565901,197000
2017-11-02,867215,0
2017-11-03,1855000,-251000
2017-11-06,-499000,63000
2017-11-07,-699087,0
2017-11-08,-906892,-94000
2017-11-09,963189,-7000
2017-11-10,-599832,197000
2017-11-13,-179000,-3000
2017-11-14,-384056,-5000
2017-11-15,-21836687,-300000
2017-11-16,-1667130,28000
2017-11-17,-2883300,-14000
2017-11-20,-2488064,0
2017-11-21,-1745000,0
2017-11-22,153526,0
2017-11-23,-5739722,-4000
2017-11-24,-2199000,0
2017-11-27,-3232138,-467000
2017-11-28,-1267688,-5000
2017-11-29,-4527864,-381000
2017-11-30,-9276641,-342000
2017-12-01,-6820354,-17000
2017-12-04,-4224801,-230000
2017-12-05,-4372000,244000
2017-12-06,-5222312,9000
2017-12-07,-773000,-77000
2017-12-08,-2785632,-24000
2017-12-11,-2213724,-12000
2017-12-12,1044874,2000
2017-12-13,-59592,-116000
2017-12-14,126013,15000
2017-12-15,-1556203,-169000
2017-12-18,-566000,75000
2017-12-19,-1737440,0
2017-12-20,1154409,13000
2017-12-21,-2004251,28000
2017-12-22,312073,9000
2017-12-25,15000,35000
2017-12-26,325000,-11429
2017-12-27,-17073,-14000
2017-12-28,175497,-10000
2017-12-29,-592695,-20000
2018-01-02,-615526,0
2018-01-03,-5440270,0
2018-01-04,-294137,-590000
2018-01-05,-2798377,0
2018-01-08,-40000,9000
2018-01-09,-2900741,-326000
2018-01-10,-592828,27000
2018-01-11,-1989940,0
2018-01-12,-199000,0
2018-01-15,602000,-2000
2018-01-16,1498246,-1000
2018-01-17,-18710,13000
2018-01-18,1236150,0
2018-01-19,-1451116,0
2018-01-22,-1794055,-465000
2018-01-23,-2485000,0
2018-01-24,-2030000,-14000
2018-01-25,903000,0
2018-01-26,-76000,-160000
2018-01-29,1019784,0
2018-01-30,-1746393,0
2018-01-31,-434900,-9000
2018-02-01,778936,0
2018-02-02,-454558,50000
2018-02-05,-561989,0
2018-02-06,-5422184,0
2018-02-07,-5316458,-16000
2018-02-08,-2085049,-469000
2018-02-09,-1727000,-473000
2018-02-12,-5781277,0
2018-02-21,959290,0
2018-02-22,-1238028,0
2018-02-23,-1284000,6000
2018-02-26,-1250000,2000
2018-02-27,-4699439,0
2018-03-01,-5474890,0
2018-03-02,-816100,2000
2018-03-05,-1978999,0
2018-03-06,-809286,0
2018-03-07,-2522126,14000
2018-03-08,-1206000,76000
2018-03-09,-1127000,-12000
2018-03-12,-692000,1000
2018-03-13,91004,0
2018-03-14,471811,0
2018-03-15,16478,0
2018-03-16,-377271,-10000
2018-03-19,498000,-7000
2018-03-20,-647874,-4000
2018-03-21,-96000,-388000
2018-03-22,443000,0
2018-03-23,-2094428,0
2018-03-26,-579000,0
2018-03-27,-5001000,510
2018-03-28,-3648682,-220000
2018-03-29,-5472808,0
2018-03-30,-1888258,0
2018-03-31,-294000,-22000
2018-04-02,-1698481,1000
2018-04-03,-4312000,0
2018-04-09,-3899610,3000
2018-04-10,-4166311,-13000
2018-04-11,-3053761,0
2018-04-12,-5784040,0
2018-04-13,-7552000,-467000
2018-04-16,-5382608,-250000
2018-04-17,-8695000,53000
2018-04-18,-3818556,-4000
2018-04-19,1338221,0
2018-04-20,-3028887,-30000
2018-04-23,-1120000,-67000
2018-04-24,756724,2000
2018-04-25,-1528500,2000
2018-04-26,-1123303,91000
2018-04-27,-981960,0
2018-04-30,-2575000,0
2018-05-02,-3786515,-13000
2018-05-03,-4721150,13000
2018-05-04,-3557223,3000
2018-05-07,-1775592,0
2018-05-08,-3506000,0
2018-05-09,-6530814,0
2018-05-10,-1592463,3000
2018-05-11,-1573000,0
2018-05-14,-10548700,0
2018-05-15,-4350042,0
2018-05-16,-2849325,0
2018-05-17,-3045137,2000
2018-05-18,-3241000,-2000
2018-05-21,-2782223,0
2018-05-22,349000,80000
2018-05-23,-9361725,154463
2018-05-24,-2542551,0
2018-05-25,-4023000,0
2018-05-28,-3247050,-14000
2018-05-29,-600301,-7000
2018-05-30,-4698000,-8000
2018-05-31,-5132043,28000
2018-06-01,1629750,0
2018-06-04,2389389,0
2018-06-05,-1758000,0
2018-06-06,-124469,0
2018-06-07,-700396,49000
2018-06-08,-2126000,-15000
2018-06-11,1019708,0
2018-06-12,-766916,-1000
2018-06-13,-1604690,30000
2018-06-14,-5089535,-1000
2018-06-15,-8591642,1447000
2018-06-19,-4722000,171000
2018-06-20,-1195850,33729
2018-06-21,-2166030,-5000
2018-06-22,-733000,-3000
2018-06-25,-3496896,0
2018-06-26,-2525321,0
2018-06-27,-3793011,4000
2018-06-28,-3182725,31000
2018-06-29,-1386069,51000
2018-07-02,-2407000,1000
2018-07-03,-1280529,1000
2018-07-04,-2226000,38000
2018-07-05,-511230,63000
2018-07-06,-1420065,39000
2018-07-09,447378,20000
2018-07-10,275834,30000
2018-07-11,-1397189,-3000
2018-07-12,-525067,-3000
2018-07-13,-294988,-8000
2018-07-16,-175000,0
2018-07-17,-256116,-14000
2018-07-18,1012752,-6000
2018-07-19,225680,-30000
2018-07-20,-1931116,0
2018-07-23,1091000,-2000
2018-07-24,-2002622,21000
2018-07-25,-124000,14000
2018-07-26,-2324060,-4000
2018-07-27,-1786426,0
2018-07-30,-386000,0
2018-07-31,777668,0
2018-08-01,6000,319000
2018-08-02,-1806962,0
2018-08-03,1302142,0
2018-08-06,932000,0
2018-08-07,1606862,37000
2018-08-08,3008206,6000
2018-08-09,-2185000,15000
2018-08-10,-21000,0
2018-08-13,-1895311,-4000
2018-08-14,-168066,1082000
2018-08-15,471925,7000
2018-08-16,-49675,0
2018-08-17,2515000,70000
2018-08-20,139878,0
2018-08-21,227100,70000
2018-08-22,-459186,0
2018-08-23,530239,0
2018-08-24,40270,50000
2018-08-27,1595,0
2018-08-28,2894000,0
2018-08-29,1283000,0
2018-08-30,710000,210000
2018-08-31,-1345177,-2000
2018-09-03,-2380300,73000
2018-09-04,-7712126,41000
2018-09-05,-2772000,4000
2018-09-06,-6025575,0
2018-09-07,-2083123,1018
2018-09-10,-3966919,-220000
2018-09-11,-1046429,48000
2018-09-12,34000,-13000
2018-09-13,1414507,50000
2018-09-14,-743215,123000
2018-09-17,1008646,0
2018-09-18,7784152,220000
2018-09-19,2582000,2000
2018-09-20,-204170,9000
2018-09-21,841738,67000
2018-09-25,3170213,0
2018-09-26,398460,31000
2018-09-27,678300,-160000
2018-09-28,2180218,-21000
2018-10-01,-423000,0
2018-10-02,-251000,391000
2018-10-03,-172000,2000
2018-10-04,-2212000,2000
2018-10-05,-2283000,64914
2018-10-08,-2927000,1128000
2018-10-09,-2802507,745000
2018-10-11,-9045000,-65000
2018-10-12,-4956602,50000
2018-10-15,-4351850,155000
2018-10-16,-2682470,324000
2018-10-17,-1376000,0
2018-10-18,-2037000,28000
2018-10-19,-5944811,14000
2018-10-22,-3115311,-681000
2018-10-23,-956209,22000
2018-10-24,-1927000,2000
2018-10-25,-5215000,5000
2018-10-26,-2455322,26000
2018-10-29,14810,1000
2018-10-30,-1266000,0
2018-10-31,1808193,-355000
2018-11-01,771000,0
2018-11-02,1228000,-916
2018-11-05,-1383750,6000
2018-11-06,270000,-180000
2018-11-07,2966569,21000
2018-11-08,1689000,39000
2018-11-09,-1016908,-59000
2018-11-12,130000,14000
2018-11-13,-1053677,-262000
2018-11-14,-395014,14000
2018-11-15,-3214000,69000
2018-11-16,1590650,70000
2018-11-19,1048065,4000
2018-11-20,-418774,5000
2018-11-21,-775000,11000
2018-11-22,-1478276,0
2018-11-23,1198000,4000
2018-11-26,1257768,0
2018-11-27,2008618,-123000
2018-11-28,-2725983,-9000
2018-11-29,748290,15000
2018-11-30,2079083,0
2018-12-03,-1762791,168000
2018-12-04,709710,83000
2018-12-05,-1588663,0
2018-12-06,-2582360,-179000
2018-12-07,-532234,12000
2018-12-10,-320000,0
2018-12-11,1973170,9000
2018-12-12,997000,-1000
2018-12-13,3025986,0
2018-12-14,69091,3000
2018-12-17,1541000,-228000
2018-12-18,-593055,0
2018-12-19,1415060,0
2018-12-20,4296990,7000
2018-12-21,30540,-440000
2018-12-22,-86000,110000
2018-12-24,1259000,848000
2018-12-25,128000,-417000
2018-12-26,-373000,456374
2018-12-27,776000,579000
2018-12-28,475358,582000
2019-01-02,-1271000,1265000
2019-01-03,27734,163000
2019-01-04,-1622000,846000
2019-01-07,-1004000,1557000
2019-01-08,-2088408,976000
2019-01-09,1525785,250000
2019-01-10,-1531000,388000
2019-01-11,770687,181000
2019-01-14,-935550,222000
2019-01-15,3723689,213000
2019-01-16,392000,2500000
2019-01-17,2427000,3101000
2019-01-18,-77182,1314000
2019-01-21,1956000,-96000
2019-01-22,-485657,396000
2019-01-23,-702230,504000
2019-01-24,1823199,3000
2019-01-25,835194,1495000
2019-01-28,244504,115000
2019-01-29,929084,-2000
2019-01-30,1918864,422000
2019-02-11,1827701,3000
2019-02-12,1513544,0
2019-02-13,835886,1000
2019-02-14,4711250,-38000
2019-02-15,1078720,-638000
2019-02-18,420000,-30000
2019-02-19,337000,-131000
2019-02-20,3485280,33000
2019-02-21,-2874915,-12000
2019-02-22,-661628,-168000
2019-02-25,1262000,213000
2019-02-26,958662,-83700
2019-02-27,505037,-14000
2019-03-04,-3346506,-56000
2019-03-05,-124976,-244000
2019-03-06,-1294179,-404000
2019-03-07,1187253,-7000
2019-03-08,-1821166,0
2019-03-11,49795,-23000
2019-03-12,767219,-602000
2019-03-13,39721,-44000
2019-03-14,-228038,157000
2019-03-15,656093,1338000
2019-03-18,-95435,16000
2019-03-19,-827626,-107000
2019-03-20,-1980611,-99000
2019-03-21,-286154,0
2019-03-22,-220792,-604000
2019-03-25,-786646,-122000
2019-03-26,1510000,-142000
2019-03-27,827946,-980000
2019-03-28,228000,-529000
2019-03-29,1840065,-1000000
2019-04-01,27993,-113507
2019-04-02,-242400,-1103000
2019-04-03,357000,-321000
2019-04-08,894000,-848000
2019-04-09,1826000,-194000
2019-04-10,148832,-208000
2019-04-11,246000,-168000
2019-04-12,-359896,-2000
2019-04-15,1990534,0
2019-04-16,3683992,-25000
2019-04-17,904871,-10000
2019-04-18,1502349,-373000
2019-04-19,471494,-414000
2019-04-22,535000,128
2019-04-23,2653040,-35000
2019-04-24,86661,10000
2019-04-25,-1780396,-151730
2019-04-26,115164,-26000
2019-04-29,-1716504,-19000
2019-04-30,-1048873,-28000
2019-05-02,-1056568,4000
2019-05-03,-3091000,14000
2019-05-06,-3881097,0
2019-05-07,2302060,80000
2019-05-08,-357655,2000
2019-05-09,-1891085,0
2019-05-10,-1143000,0
2019-05-13,-995000,4000
2019-05-14,-319351,0
2019-05-15,-1149217,-125000
2019-05-16,-229923,3000
2019-05-17,-658000,-2000
2019-05-20,431498,-122000
2019-05-21,-1385000,0
2019-05-22,-1369000,101000
2019-05-23,-948067,317000
2019-05-24,-925266,2000
2019-05-27,-512000,-11000
2019-05-28,-2075075,308000
2019-05-29,-1619000,310000
2019-05-30,-1181085,0
2019-05-31,-149497,749000
2019-06-03,-742999,0
2019-06-04,-752000,333000
2019-06-05,-36366,-25000
2019-06-06,-920000,827000
2019-06-10,-745337,-52000
2019-06-11,477729,406000
2019-06-12,819372,-7060
2019-06-13,652000,-150098
2019-06-14,-974278,0
2019-06-17,477689,-222050
2019-06-18,-362170,17000
2019-06-19,642463,478000
2019-06-20,1924619,173000
2019-06-21,590542,358000
2019-06-24,-1279000,-275260
2019-06-25,-250763,314000
2019-06-26,-1143302,823000
2019-06-27,1539000,6000
2019-06-28,-2377240,-1000
2019-07-01,-2504665,177000
2019-07-02,-1451000,0
2019-07-03,-1343000,-44000
2019-07-04,417000,106000
2019-07-05,-2586000,-24000
2019-07-08,-512058,0
2019-07-09,-1389000,-6000
2019-07-10,933314,7000
2019-07-11,-750000,-243000
2019-07-12,19000,-277000
2019-07-15,330316,0
2019-07-16,-918000,-7000
2019-07-17,154001,-94000
2019-07-18,-1148402,4290
2019-07-19,-4581675,6000
2019-07-22,-1317897,3000
2019-07-23,-790906,-583000
2019-07-24,-864588,26000
2019-07-25,-1231900,-18000
2019-07-26,-5079000,-19000
2019-07-29,5567822,191000
2019-07-30,-795194,275000
2019-07-31,-773133,-37000
2019-08-01,-6042769,-133000
2019-08-02,-1467000,-67000
2019-08-05,-2008000,-245000
2019-08-06,-1296382,-164000
2019-08-07,-4336000,-65000
2019-08-08,-1437679,18775
2019-08-12,-682230,-278000
2019-08-13,-669899,133503
2019-08-14,2701000,107000
2019-08-15,1811000,7000
2019-08-16,-139323,-888000
2019-08-19,-405860,-511000
2019-08-20,-1707766,4000
2019-08-21,923837,-167000
2019-08-22,-381050,-495000
2019-08-23,83085,-237000
2019-08-24,-566000,75000
2019-08-26,-1817768,26000
2019-08-27,-596627,-635000
2019-08-28,335051,19000
2019-08-29,-67358,16000
2019-08-30,4037000,-1572000
2019-09-02,-319000,13000
2019-09-03,-929736,-155000
2019-09-04,404227,-437000
2019-09-05,532000,-165000
2019-09-06,1201389,-147000
2019-09-09,487000,21000
2019-09-10,17000,-30000
2019-09-11,1147000,3000
2019-09-12,694684,-314000
2019-09-16,626000,-1687
2019-09-17,-583557,-661000
2019-09-18,2886269,-1241000
2019-09-19,-504393,-368000
2019-09-20,1060921,43000
2019-09-23,2512000,-31000
2019-09-24,4170873,-11000
2019-09-25,1119536,138000
2019-09-26,2903190,78000
2019-09-27,-1181794,-169000
2019-10-01,-1030295,-185000
2019-10-02,-432960,-237000
2019-10-03,-647609,-97300
2019-10-04,880524,0
2019-10-07,-8000,-575000
2019-10-08,2401000,-3000
2019-10-09,467352,-22000
2019-10-14,242689,-329000
2019-10-15,2595422,0
2019-10-16,4824000,-330304
2019-10-17,2177934,6145
2019-10-18,7318214,-1070000
2019-10-21,3783000,217000
2019-10-22,-34860,-209000
2019-10-23,-5357942,-7000
2019-10-24,2010000,0
2019-10-25,-1877177,-129400
2019-10-26,-566000,75000
2019-10-28,3068000,-82000
2019-10-29,1743000,-1059000
2019-10-30,1309000,0
2019-10-31,1084828,-27000
2019-11-01,5723000,-104000
2019-11-04,10512790,953000
2019-11-05,815722,766000
2019-11-06,2425000,20000
2019-11-07,1048140,613000
2019-11-08,663194,113000
2019-11-11,-8020,300000
2019-11-12,-1941471,29000
2019-11-13,-605603,40000
2019-11-14,9386664,146000
2019-11-15,3673000,-43000
2019-11-18,2804002,95000
2019-11-19,3785999,5000
2019-11-20,4725999,50000
2019-11-21,-885116,135000
2019-11-22,5954000,34000
2019-11-25,629960,3000
2019-11-26,-2039781,-804000
2019-11-27,-713659,228000
2019-11-28,-680000,-1533000
2019-11-29,-2662512,-25000
2019-12-02,178000,11000
2019-12-03,-79000,8000
2019-12-04,179678,96000
2019-12-05,-857213,-8000
2019-12-06,-1030000,1000
2019-12-09,-297000,32000
2019-12-10,-839060,4000
2019-12-11,-298250,48000
2019-12-12,1211580,185000
2019-12-13,307983,28000
2019-12-16,-1648483,-243000
2019-12-17,-692692,-199000
2019-12-18,1765277,53000
2019-12-19,4164514,233000
2019-12-20,-2657437,-170000
2019-12-23,-874410,-248000
2019-12-24,-858151,-347000
2019-12-25,-457000,422000
2019-12-26,-129577,2000
2019-12-27,806644,0
2019-12-30,-762000,-12000
2019-12-31,-1662000,-21000
2020-01-02,-3217214,-114000
2020-01-03,-1269390,-417000
2020-01-06,-2749830,15000
2020-01-07,-2214000,-27000
2020-01-08,1903146,63000
2020-01-09,755500,296000
2020-01-10,2324428,326000
2020-01-13,-768793,276000
2020-01-14,1641118,223000
2020-01-15,-1160808,-15000
2020-01-16,709965,9000
2020-01-17,277496,5000
2020-01-20,662730,-77000
2020-01-30,-2189507,263000
2020-01-31,-3299527,54000
2020-02-03,202000,65000
2020-02-04,61464,-10000
2020-02-05,-1233295,0
2020-02-06,132652,156000
2020-02-07,721322,-1000
2020-02-10,210000,0
2020-02-11,-803000,25000
2020-02-12,-271622,11000
2020-02-13,801182,70000
2020-02-14,-3676315,21000
2020-02-17,-623145,89000
2020-02-18,-4739000,37000
2020-02-19,914293,28000
2020-02-20,-1917471,54000
2020-02-21,-2297000,-372000
2020-02-24,-4807542,135000
2020-02-25,-2009751,15000
2020-02-26,-2436373,75000
2020-02-27,-2407197,90000
2020-03-02,-1621178,103000
2020-03-03,-5252761,20000
2020-03-04,-223011,59000
2020-03-05,-2116635,141000
2020-03-06,-2406482,13000
2020-03-09,-4190156,206000
2020-03-10,-2656000,4000
2020-03-11,-829449,-76000
2020-03-12,-5190174,29000
2020-03-13,281656,15000
2020-03-16,-8385560,103000
2020-03-17,-6141966,-28000
2020-03-18,-4966653,26000
2020-03-19,-2154375,-372000
2020-03-20,-3088310,117329
2020-03-23,-2047036,-3000
2020-03-24,1268725,420000
2020-03-25,-629702,13000
2020-03-26,1908252,98542
2020-03-27,280823,34000
2020-03-30,276500,-77000
2020-03-31,-847556,356000
2020-04-01,-1468937,393000
2020-04-06,6292314,1468000
2020-04-07,-1590000,0
2020-04-08,-1475399,624000
2020-04-09,-1666226,1056000
2020-04-10,866000,8000
2020-04-13,-145810,850744
2020-04-14,3540125,630000
2020-04-15,2558201,1882000
2020-04-16,1359738,-32000
2020-04-17,1122306,0
2020-04-20,2359290,145000
2020-04-21,550932,-2000
2020-04-22,1395001,166000
2020-04-23,1280460,12000
2020-04-24,-637757,536000
2020-04-27,252096,528000
2020-04-28,4167436,358000
2020-04-29,352000,724000
2020-04-30,5809681,1260000
2020-05-04,-5163734,-184000
2020-05-05,-3173160,3000
2020-05-06,1576217,4000
2020-05-07,2000229,20000
2020-05-08,2121667,614000
2020-05-11,2195000,-5000
2020-05-12,-1197447,-16000
2020-05-13,3271488,356000
2020-05-14,1054000,373000
2020-05-15,3897368,345000
2020-05-18,8398000,-2000
2020-05-19,7664404,517000
2020-05-20,3595747,229000
2020-05-21,5149279,981000
2020-05-22,-3152000,1490000
2020-05-25,536000,334000
2020-05-26,3582000,684000
2020-05-27,309688,785000
2020-05-28,2925296,398000
2020-05-29,1984065,1170000
2020-06-01,2599320,-9000
2020-06-02,1837744,-3000
2020-06-03,4071081,627000
2020-06-04,5644315,338000
2020-06-05,1057052,46000
2020-06-08,1870321,746000
2020-06-09,2457545,-383000
2020-06-10,-1897565,-75000
2020-06-11,-13083,-92000
2020-06-12,-2451517,-27000
2020-06-15,1735640,-214000
2020-06-16,3525858,131000
2020-06-17,1864797,235000
2020-06-18,2348750,108000
2020-06-19,-992785,-327000
2020-06-22,888284,-341000
2020-06-23,1887559,-236000
2020-06-24,512602,74000
2020-06-29,1630443,24000
2020-06-30,-524665,53000
2020-07-01,-1011805,-15000
2020-07-02,348515,86000
2020-07-03,17652,823000
2020-07-06,399008,-76000
2020-07-07,-1220439,-49000
2020-07-08,-875166,-18000
2020-07-09,-1147000,-22000
2020-07-10,2468822,-19000
2020-07-13,-241772,197000
2020-07-14,-1199162,308000
2020-07-15,1735038,366000
2020-07-16,282504,205000
2020-07-17,2014191,1111000
2020-07-20,4467606,339000
2020-07-21,1454020,3002000
2020-07-22,3022842,2375000
2020-07-23,-1771134,482000
2020-07-24,-480256,1125000
2020-07-27,2369448,525000
2020-07-28,4380770,741000
2020-07-29,2677000,147000
2020-07-30,795537,507000
2020-07-31,-2923107,836000
2020-08-03,1162183,-3000
2020-08-04,1862973,419000
2020-08-05,856624,717000
2020-08-06,-1323387,243000
2020-08-07,2538320,27000
2020-08-10,1177000,32000
2020-08-11,209796,10000
2020-08-12,555872,75000
2020-08-13,1552332,178000
2020-08-14,7935000,3596000
2020-08-17,1566731,828000
2020-08-18,496860,461000
2020-08-19,1746070,-10000
2020-08-20,343868,637000
2020-08-21,4154300,717000
2020-08-24,1894577,278792
2020-08-25,6278000,119000
2020-08-26,995529,-204000
2020-08-27,4001205,-1000
2020-08-28,1792803,164000
2020-08-31,2109383,-441000
2020-09-01,3944971,-987000
2020-09-02,-190117,148000
2020-09-03,4836052,-138000
2020-09-04,-4238095,-528000
2020-09-07,-510723,-268000
2020-09-08,198782,138000
2020-09-09,2278805,-905000
2020-09-10,1253477,0
2020-09-11,1035000,204000
2020-09-14,2422534,-460000
2020-09-15,1066316,32098
2020-09-16,4214448,12000
2020-09-17,2811640,-2744
2020-09-18,-1027486,-77000
2020-09-21,-680055,-71224
2020-09-22,128791,-70000
2020-09-23,456030,-29845
2020-09-24,-1126886,-24000
2020-09-25,1337000,181000
2020-09-28,1067173,390000
2020-09-29,1989135,-90000
2020-09-30,1287052,0
2020-10-05,-3965960,-450000
2020-10-06,2843144,-190000
2020-10-07,-1852549,-679000
2020-10-08,3692979,-108000
2020-10-12,-4136187,-309000
2020-10-13,1634548,-291000
2020-10-14,1310287,21000
2020-10-15,256119,79000
2020-10-16,-2013608,-2000
2020-10-19,-1407400,-1000
2020-10-20,90798,0
2020-10-21,-5724766,-1504000
2020-10-22,7692,-714000
2020-10-23,-891173,-259000
2020-10-26,665300,-488000
2020-10-27,-1164800,-531000
2020-10-28,516793,-30000
2020-10-29,-3409988,-70000
2020-10-30,-2823075,0
2020-11-02,-700540,8000
2020-11-03,-1653200,8000
2020-11-04,-3803115,-164000
2020-11-05,591946,-419000
2020-11-06,1737000,-132000
2020-11-09,-1817590,-233000
2020-11-10,-4977758,-712000
2020-11-11,-3653800,-880000
2020-11-12,-5899029,-384000
2020-11-13,-3481622,-123000
2020-11-16,7123001,-584000
2020-11-17,-1669193,-613000
2020-11-18,3180119,-288000
2020-11-19,1587504,221000
2020-11-20,313773,-281000
2020-11-23,2317416,-270000
2020-11-24,161596,-116000
2020-11-25,701919,-153000
2020-11-26,31357,-95000
2020-11-27,1236035,-2000
2020-11-30,-132273,-163000
2020-12-01,511708,-3000
2020-12-02,374688,-2000
2020-12-03,-874178,-59000
2020-12-04,3457872,-77000
2020-12-07,8701610,419000
2020-12-08,2489600,910000
2020-12-09,677186,707000
2020-12-10,-568131,634000
2020-12-11,3808000,1135350
2020-12-14,1268000,-134320
2020-12-15,-865106,-241760
2020-12-16,2809000,-816000
2020-12-17,55556,276000
2020-12-18,1260991,614180
2020-12-21,-560613,485000
2020-12-22,-1149345,587000
2020-12-23,124062,912000
2020-12-24,-1628000,405540
2020-12-25,1078000,255000
2020-12-28,675000,-436000
2020-12-29,396385,-414360
2020-12-30,1715531,-23000
2020-12-31,907070,12000
2021-01-04,991742,-799440
2021-01-05,2671573,-305210
2021-01-06,-2036950,128000
2021-01-07,-505904,536200
2021-01-08,1079530,-183180
2021-01-11,304697,291960
2021-01-12,1528430,1423000
2021-01-13,3038455,-161000
2021-01-14,3099434,479000
2021-01-15,1042179,-494251
2021-01-18,-283426,560040
2021-01-19,-511865,49000
2021-01-20,-2178912,62000
2021-01-21,1434005,103000
2021-01-22,-1194472,481000
2021-01-25,1236760,828140
2021-01-26,-1710231,112000
2021-01-27,426203,323000
2021-01-28,-924597,1105000
2021-01-29,-2942889,132000
2021-02-01,1758465,203000
2021-02-02,-450657,2411000
2021-02-03,461728,318000
2021-02-04,-1378405,84000
2021-02-05,277560,-58000
2021-02-17,-741256,-159000
2021-02-18,962901,-19000
2021-02-19,-2270565,-10000
2021-02-22,1893442,-96000
2021-02-23,1172117,-278000
2021-02-24,-363947,-47000
2021-02-25,3131121,-201000
2021-02-26,-4880862,430000
2021-03-02,923202,77000
2021-03-03,1348850,176000
2021-03-04,-571030,238000
2021-03-05,2753589,342000
2021-03-08,3657120,32000
2021-03-09,3945374,448000
2021-03-10,3007483,56000
2021-03-11,2635591,3000
2021-03-12,2030929,-213000
2021-03-15,-742044,26000
2021-03-16,1403666,-226000
2021-03-17,-1552700,-100000
2021-03-18,156575,-83000
2021-03-19,-4703132,-16796
2021-03-22,-1122868,328000
2021-03-23,864414,1085000
2021-03-24,-518582,318000
2021-03-25,-848474,291000
2021-03-26,155038,-14000
2021-03-29,448912,-169000
2021-03-30,-519632,7000
2021-03-31,1416075,152000
2021-04-01,671352,134000
2021-04-06,52600,-121742
2021-04-07,-273207,-7000
2021-04-08,-1039195,-232000
2021-04-09,1950656,-3105000
2021-04-12,-763229,-204000
2021-04-13,2061728,-64000
2021-04-14,3072180,0
2021-04-15,144193,-34000
2021-04-16,2988978,-240000
2021-04-19,158107,28000
2021-04-20,1236005,-64000
2021-04-21,654818,68000
2021-04-22,1938103,-96000
2021-04-23,4802472,196000
2021-04-26,2904349,-269000
2021-04-27,111293,-188000
2021-04-28,3051455,-42000
2021-04-29,1646710,213000
2021-05-03,-436677,-112000
2021-05-04,-939561,-1000
2021-05-05,-830694,27000
2021-05-06,-1471996,74000
2021-05-07,3936737,-1000
2021-05-10,-98463,47000
2021-05-11,-1805558,748000
2021-05-12,-4548568,861000
2021-05-13,-7671188,631000
2021-05-14,-3635002,725000
2021-05-17,-6519423,1261000
2021-05-18,-8700330,5000
2021-05-19,-4534863,179000
2021-05-20,-6415105,903000
2021-05-21,-4654667,534000
2021-05-24,-5020867,-88000
2021-05-25,-5348131,-2000
2021-05-26,-8089025,-71000
2021-05-27,-1581486,-194000
2021-05-28,-4113020,0
2021-05-31,-639663,-105000
2021-06-01,-2956499,-16000
2021-06-02,-8350586,-46000
2021-06-03,-7489396,-578000
2021-06-04,-4847503,-559000
2021-06-07,-3998205,-84000
2021-06-08,-4537779,-70000
2021-06-09,-9465911,-201000
2021-06-10,-5063647,-163000
2021-06-11,-3733152,-203000
2021-06-15,-800928,-293000
2021-06-16,340063,-192000
2021-06-17,-8098188,0
2021-06-18,-3888564,-1809000
2021-06-21,-1056462,-1322000
2021-06-22,-6052123,-1346000
2021-06-23,796457,-1551000
2021-06-24,-5682093,-976000
2021-06-25,-2473017,-701000
2021-06-28,-2492399,4000
2021-06-29,-3374699,-52000
2021-06-30,-1571896,-109000
2021-07-01,-2903420,-69000
2021-07-02,-3895366,-32000
2021-07-05,-1384500,-98000
2021-07-06,-3961947,43000
2021-07-07,-1742795,85000
2021-07-08,-116000,-132257
2021-07-09,-1790080,299000
2021-07-12,-230700,-167000
2021-07-13,1196600,-43000
2021-07-14,-2170992,-292000
2021-07-15,-1954264,-165000
2021-07-16,921604,1105000
2021-07-19,-48432,-6000
2021-07-20,-2686500,718000
2021-07-21,-712614,105000
2021-07-22,-4751022,-675000
2021-07-23,-5445964,-56000
2021-07-26,3147418,93000
2021-07-27,-4288552,205000
2021-07-28,-4732866,175000
2021-07-29,-1219397,-1122000
2021-07-30,-1901845,-1099000
2021-08-02,1809699,-1211000
2021-08-03,-572186,88000
2021-08-04,-2076934,-3049000
2021-08-05,-221926,-291000
2021-08-06,-654987,13000
2021-08-09,-624871,-1000
2021-08-10,-117754,169000
2021-08-11,780026,-413000
2021-08-12,-572245,123000
2021-08-13,-4689379,-201000
2021-08-16,-552169,-18000
2021-08-17,-1152294,405000
2021-08-18,565276,269000
2021-08-19,-1812736,399000
2021-08-20,-479393,136000
2021-08-23,843396,-330000
2021-08-24,1585328,13000
2021-08-25,1369087,-237000
2021-08-26,-1176263,240000
2021-08-27,1184565,1000
2021-08-30,1658989,9000
2021-08-31,2861726,1000
2021-09-01,363967,-17000
2021-09-02,-752216,-72073
2021-09-03,1399045,-3000
2021-09-06,956460,-90000
2021-09-07,1394829,-48000
2021-09-08,-1100600,109000
2021-09-09,-691356,-3000
2021-09-10,-1642927,0
2021-09-13,336468,-7000
2021-09-14,1288571,0
2021-09-15,2188791,42000
2021-09-16,473106,1000
2021-09-17,5231576,4437
2021-09-22,-1671556,2535000
2021-09-23,4139849,1129000
2021-09-24,-1639528,1115000
2021-09-27,179700,1076525
2021-09-28,1966000,-19275
2021-09-29,-876550,283713
2021-09-30,997907,277147
2021-10-01,-526793,349000
2021-10-04,376780,323097
2021-10-05,-446200,244000
2021-10-06,-258525,356000
2021-10-07,2383663,19000
2021-10-08,1841987,51000
2021-10-12,-837011,110096
2021-10-13,1329000,20096
2021-10-14,3151900,40096
2021-10-15,159000,-369904
2021-10-18,2542747,-535309
2021-10-19,-146000,42399
2021-10-20,-1381452,419220
2021-10-21,-1044725,-758172
2021-10-22,1357877,142045
2021-10-25,24212,17000
2021-10-26,2414987,23000
2021-10-27,-1728512,-3000
2021-10-28,-811511,0
2021-10-29,-1126594,156000
2021-11-01,359030,41000
2021-11-02,2056600,136000
2021-11-03,-1178294,-9000
2021-11-04,2448146,-14000
2021-11-05,-883114,168000
2021-11-08,898000,12000
2021-11-09,-383889,-30963
2021-11-10,2030251,213000
2021-11-11,-434000,183000
2021-11-12,157020,87000
2021-11-15,9047270,45000
2021-11-16,9920414,771000
2021-11-17,280000,474000
2021-11-18,2376710,659000
2021-11-19,-904800,-82375
2021-11-22,-624501,-25000
2021-11-23,2286040,-61000
2021-11-24,-803900,126000
2021-11-25,1429355,123000
2021-11-26,-604971,41000
2021-11-29,534693,762139
2021-11-30,-1770203,1121000
2021-12-01,2099778,-256000
2021-12-02,-855109,-600000
2021-12-03,188034,-21000
2021-12-06,-1336187,-23000
2021-12-07,-405578,920000
2021-12-08,1111927,459000
2021-12-09,1843900,-3000
2021-12-10,760895,92000
2021-12-13,-2674500,-16000
2021-12-14,3498623,814036
2021-12-15,-519738,1736000
2021-12-16,2654359,1676604
2021-12-17,-1391027,1589000
2021-12-20,-994346,1820744
2021-12-21,1877447,1449704
2021-12-22,1201247,861947
2021-12-23,621892,234604
2021-12-24,1300200,451495
2021-12-27,574778,-10831
2021-12-28,-1032500,358000
2021-12-29,-2524924,16268
2021-12-30,2029100,36496
2022-01-03,711200,442000
2022-01-04,2482200,57420
2022-01-05,2036000,683197
2022-01-06,2771654,421722
2022-01-07,2340085,535000
2022-01-10,-123127,469000
2022-01-11,-202580,288384
2022-01-12,96514,416670
2022-01-13,903820,480781
2022-01-14,2398640,981570
2022-01-17,196000,208507
2022-01-18,513417,125424
2022-01-19,4094845,267000
2022-01-20,-3341108,590000
2022-01-21,186648,1028000
2022-01-24,733810,774000
2022-01-25,-1298600,972000
2022-01-26,800712,500000
2022-02-07,988516,300000
2022-02-08,1620408,326000
2022-02-09,1095922,1582000
2022-02-10,-1281254,228000
2022-02-11,-867200,207000
2022-02-14,-514844,671000
2022-02-15,-394000,384000
2022-02-16,1152300,408000
2022-02-17,-381800,548000
2022-02-18,2043525,243000
2022-02-21,244860,442262
2022-02-22,-256999,1062000
2022-02-23,-334300,582000
2022-02-24,-1298749,1093000
2022-02-25,-1489964,1206000
2022-03-01,1417440,529000
2022-03-02,-916094,220000
2022-03-03,1357808,1000
2022-03-04,-1266041,-13000
2022-03-07,-3046400,1703000
2022-03-08,679257,1312000
2022-03-09,127469,332000
2022-03-10,2352759,67000
2022-03-11,-1154390,82000
2022-03-14,931698,257000
2022-03-15,-746985,461000
2022-03-16,-1037364,228000
2022-03-17,-2042653,2000
2022-03-18,-2046525,123175
2022-03-21,-2626144,168000
2022-03-22,-2060484,514000
2022-03-23,-185873,143000
2022-03-24,-2497875,158000
2022-03-25,-2448193,115000
2022-03-28,-2514816,255000
2022-03-29,-1565780,43000
2022-03-30,-7306253,165000
2022-03-31,-5111076,-169000
2022-04-01,-8207254,245000
2022-04-06,-3435266,-185000
2022-04-07,-5561783,339000
2022-04-08,-5554080,766000
2022-04-11,-2887054,821000
2022-04-12,-1873648,216000
2022-04-13,110781,380000
2022-04-14,-5141053,62000
2022-04-15,-1975837,547000
2022-04-18,-3193210,822000
2022-04-19,-2379383,105000
2022-04-20,2093963,-4146000
2022-04-21,-227413,-3152000
2022-04-22,403286,-3128000
2022-04-25,-723203,-2562000
2022-04-26,2265826,-3044000
2022-04-27,-1565586,657000
2022-04-28,-1646041,115000
2022-04-29,149626,249000
2022-05-03,-2028000,397000
2022-05-04,-133204,458000
2022-05-05,-1239933,431000
2022-05-06,-681589,455000
2022-05-09,-813932,816000
2022-05-10,-1370302,751000
2022-05-11,-1363395,296000
2022-05-12,-1400896,393000
2022-05-13,-1558905,1015000
2022-05-16,-12540130,659839
2022-05-17,-7560104,-1940000
2022-05-18,-6474490,-567000
2022-05-19,-2691877,-505000
2022-05-20,-4592719,110000
2022-05-23,447925,44000
2022-05-24,-3369228,706000
2022-05-25,370039,600000
2022-05-26,-1060072,192000
2022-05-27,-1717000,742000
2022-05-30,157591,626000
2022-05-31,-19234,164676
2022-06-01,-1011642,-3000
2022-06-02,-2018000,100000
2022-06-06,-20787,80000
2022-06-07,-543669,0
2022-06-08,-166129,-25000
2022-06-09,-1401472,195000
2022-06-10,-1802702,200000
2022-06-13,-2660540,667000
2022-06-14,-234900,141000
2022-06-15,-1823469,13216
2022-06-16,-656690,186000
2022-06-17,-1195712,1445000
2022-06-20,-2266698,1282000
2022-06-21,77096,1036000
2022-06-22,-2239254,955000
2022-06-23,-2628920,1179391
2022-06-24,317313,-189000
2022-06-27,475957,811000
2022-06-28,80189,140000
2022-06-29,-1529618,276000
2022-06-30,-2830545,1938000
2022-07-01,-1972544,429000
2022-07-04,-2012479,1550000
2022-07-05,-1326804,402000
2022-07-06,-5273490,266000
2022-07-07,-1554876,1586000
2022-07-08,-3501920,218000
2022-07-11,-101868,57000
2022-07-12,-3307200,606000
2022-07-13,576200,222000
2022-07-14,1195425,263000
2022-07-15,-699174,131000
2022-07-18,-3925000,3654000
2022-07-19,-2526560,3574000
2022-07-20,-4240561,3240000
2022-07-21,1783519,3108000
2022-07-22,-5426404,3365000
2022-07-25,-1116671,865000
2022-07-26,-1227900,549000
2022-07-27,-2115693,1436000
2022-07-28,-2184493,2229000
2022-07-29,-4382000,2932000
2022-08-01,3925624,926000
2022-08-02,489192,936000
2022-08-03,-35028,1172197
2022-08-04,620850,1133000
2022-08-05,-417000,743000
2022-08-08,-904300,1041000
2022-08-09,209935,256000
2022-08-10,-435872,1074000
2022-08-11,-90161,25000
2022-08-12,245000,293500
2022-08-15,-5093873,-1807000
2022-08-16,-282100,-114000
2022-08-17,-2747918,391000
2022-08-18,762954,168000
2022-08-19,910176,543000
2022-08-22,-275568,1026000
2022-08-23,-931475,455000
2022-08-24,-1434507,843000
2022-08-25,-316616,780000
2022-08-26,1890000,633000
2022-08-29,-937963,856000
2022-08-30,-1262351,574000
2022-08-31,2100650,226000
2022-09-01,-3095626,924000
2022-09-02,-711545,625000
2022-09-05,3654898,341000
2022-09-06,238776,1443000
2022-09-07,158124,758000
2022-09-08,700167,375000
2022-09-12,2358790,-18000
2022-09-13,3581700,77000
2022-09-14,-968082,881000
2022-09-15,1199339,896000
2022-09-16,-4341903,4415331
2022-09-19,-2106920,3454500
2022-09-20,-3178600,3307000
2022-09-21,-3902683,3154000
2022-09-22,-6192645,3872000
2022-09-23,-2383000,321000
2022-09-26,-2744156,1496000
2022-09-27,75977,-95000
2022-09-28,-384474,729000
2022-09-29,-915676,495000
2022-09-30,-1534275,411000
2022-10-03,-1105300,722000
2022-10-04,1912700,-241000
2022-10-05,-1250714,97000
2022-10-06,3027389,209000
2022-10-07,725000,-475000
2022-10-11,-1192156,1192369
2022-10-12,947655,323000
2022-10-13,443440,1013000
2022-10-14,1531000,-318000
2022-10-17,1343354,-831000
2022-10-18,60357,-3357000
2022-10-19,-1695279,641500
2022-10-20,-806850,58000
2022-10-21,343601,-529000
2022-10-24,-38000,150000
2022-10-25,-949377,232000
2022-10-26,-877766,205000
2022-10-27,-316266,-160000
2022-10-28,-779650,101139
2022-10-31,603658,-1267717
2022-11-01,-2853000,-1423000
2022-11-02,744923,-980000
2022-11-03,-1375171,310000
2022-11-04,-487461,5000
2022-11-07,278805,-213000
2022-11-08,-1099876,-181000
2022-11-09,1689452,-240624
2022-11-10,-991808,159000
2022-11-11,5709275,-246000
2022-11-14,5207521,458000
2022-11-15,316256,-297992
2022-11-16,-2717921,-121000
2022-11-17,-4029065,-85000
2022-11-18,-344188,-45000
2022-11-21,-2350486,1000
2022-11-22,-1164187,280000
2022-11-23,-1879604,1225000
2022-11-24,870000,300000
2022-11-25,-3280518,-128000
2022-11-28,263919,168000
2022-11-29,122338,227000
2022-11-30,-173654,116917
2022-12-01,46988,-52000
2022-12-02,-2253123,-14000
2022-12-05,1025809,-11000
2022-12-06,-2676840,-5000
2022-12-07,-1559699,-597000
2022-12-08,-2014440,348000
2022-12-09,538520,-175000
2022-12-12,-1243323,116000
2022-12-13,-805268,47129
2022-12-14,841139,-157036
2022-12-15,-301072,-697000
2022-12-16,11598011,-16097348
2022-12-19,15438341,-15176000
2022-12-20,7438553,-14756000
2022-12-21,10591970,-13935000
2022-12-22,15598106,-14625000
2022-12-23,-1471851,331000
2022-12-26,58000,354000
2022-12-27,-343900,127000
2022-12-28,278889,385000
2022-12-29,-619890,576000
2022-12-30,2058000,38000
2023-01-03,-1978528,331000
2023-01-04,-945117,75000
2023-01-05,-3161323,7000
2023-01-06,-1241109,34000
2023-01-09,2041584,513000
2023-01-10,1439700,136654
2023-01-11,-2372916,14000
2023-01-12,-1774435,46000
2023-01-13,124369,18000
2023-01-16,-1590641,-164000
2023-01-17,583446,-755000
2023-01-30,735255,70407
2023-01-31,-2318621,1000
2023-02-01,-186033,330000
2023-02-02,-332850,688410
2023-02-03,-500223,266000
2023-02-06,159082,1975000
2023-02-07,-429032,1772000
2023-02-08,-3023000,1866000
2023-02-09,-600000,517000
2023-02-10,-1900597,849000
2023-02-13,-1653000,1015000
2023-02-14,-409080,1008000
2023-02-15,115262,-7000
2023-02-16,-499360,857000
2023-02-17,-737510,622931
2023-02-20,-575141,1111000
2023-02-21,618674,517000
2023-02-22,-1861414,1016000
2023-02-23,718274,18000
2023-02-24,-20008,-12062
2023-03-01,-2010601,793000
2023-03-02,-426788,1020944
2023-03-03,-1725885,812000
2023-03-06,1343288,859000
2023-03-07,575009,71000
2023-03-08,-1059032,58000
2023-03-09,-961053,176000
2023-03-10,-439460,538000
2023-03-13,-2124060,2291950
2023-03-14,-787410,2550000
2023-03-15,-795891,1359000
2023-03-16,3527445,1872000
2023-03-17,225730,91553
2023-03-20,-1297907,1809000
2023-03-21,-644612,1064000
2023-03-22,1541548,987170
2023-03-23,-1890486,1147116
2023-03-24,5222655,1223877
2023-03-27,-2008969,3000
2023-03-28,-2380726,1288124
2023-03-29,-456775,902121
2023-03-30,-3055600,979609
2023-03-31,-2550003,1258000
2023-04-06,-569562,347000
2023-04-07,-4469008,416000
2023-04-10,-4677120,270053
2023-04-11,-2408385,713000
2023-04-12,-368369,1883014
2023-04-13,-8142505,680068
2023-04-14,7989672,-1282000
2023-04-17,184856,-555000
2023-04-18,5343000,245000
2023-04-19,14254122,326000
2023-04-20,1948197,-898000
2023-04-21,3112887,242000
2023-04-24,4926223,2240000
2023-04-25,1810127,1998000
2023-04-26,2034139,168000
2023-04-27,1313037,549500
2023-04-28,746669,449000
2023-05-02,8469054,2780000
2023-05-03,2226678,2313000
2023-05-04,5149043,690000
2023-05-05,2605029,1954000
2023-05-08,-468027,114000
2023-05-09,4129792,1543000
2023-05-10,1451400,2532000
2023-05-11,3963964,1875000
2023-05-12,18222555,2645000
2023-05-15,7525915,3768000
2023-05-16,9991020,-2389000
2023-05-17,3384546,-1708000
2023-05-18,12994290,-3351000
2023-05-19,4183630,3548000
2023-05-22,-1535458,-890000
2023-05-23,3839701,-2295000
2023-05-24,7422084,-1724000
2023-05-25,9022007,-103000
2023-05-26,3681517,-666000
2023-05-29,6217176,-1783000
2023-05-30,-8347750,1289000
2023-05-31,2784277,-2215186
2023-06-01,8726902,-1221000
2023-06-02,15907459,-717537
2023-06-05,-3296708,-2405013
2023-06-06,6856358,1870249
2023-06-07,-13046218,2848195
2023-06-08,-1033791,7275569
2023-06-09,6186856,4774000
2023-06-12,2160584,4864500
2023-06-13,6334830,2260500
2023-06-14,-5585603,500000
2023-06-15,1599661,1734132
2023-06-16,-1589237,870219
2023-06-19,18901,39868
2023-06-20,7295538,-10841000
2023-06-21,5265043,89802
2023-06-26,-9984456,-4093000
2023-06-27,8830471,1137162
2023-06-28,5861658,-174224
2023-06-29,758418,141245
2023-06-30,-281612,939000
2023-07-03,-8053663,1897000
2023-07-04,-14414285,4343281
2023-07-05,-4134588,200000
2023-07-06,-4505612,869000
2023-07-07,3483932,100361
2023-07-10,70000,18000
2023-07-11,1178413,580000
2023-07-12,-1211291,3897335
2023-07-13,5666419,1884040
2023-07-14,-27615704,2405040
2023-07-17,-145052,649655
2023-07-18,3239762,4542199
2023-07-19,3020676,1167000
2023-07-20,5915711,3145000
2023-07-21,-6521577,5365000
2023-07-24,-933406,-280055
2023-07-25,-5848654,553000
2023-07-26,5483970,2972611
2023-07-27,-3528800,-429105
2023-07-28,7197979,197809
2023-07-31,-3576659,-385000
2023-08-01,4200629,-631000
2023-08-02,-6143017,-716000
2023-08-04,-1718389,653000
2023-08-07,-3867009,198000
2023-08-08,-7920633,495000
2023-08-09,4794024,595000
2023-08-10,-3580547,-333000
2023-08-11,10931324,1998000
2023-08-14,-8963433,3999866
2023-08-15,-2593902,598000
2023-08-16,1418605,1378374
2023-08-17,-2663689,427800
2023-08-18,-9039617,-414863
2023-08-21,-3700691,-530000
2023-08-22,10743681,896296
2023-08-23,721995,416000
2023-08-24,-4146311,1207000
2023-08-25,-28041765,620588
2023-08-28,-116661,-648531
2023-08-29,537797,-111000
2023-08-30,-1328839,227000
2023-08-31,4908070,186010
2023-09-01,-11050516,424824
2023-09-04,715088,207395
2023-09-05,132548,424054
2023-09-06,7391069,353966
2023-09-07,-1653436,1116310
2023-09-08,-6758584,1025804
2023-09-11,2725052,1140416
2023-09-12,-6824354,442000
2023-09-13,-1774795,92832
2023-09-14,-5374111,1876000
2023-09-15,-2564475,1309820
2023-09-18,-8847332,107210
2023-09-19,5094979,-520923
2023-09-20,-2047620,182124
2023-09-21,4415718,142092
2023-09-22,-280600,360929
2023-09-25,-2327647,-214000
2023-09-26,-1461945,-404612
2023-09-27,4888656,869259
2023-09-28,-7728519,3568000
2023-10-02,5323494,2586635
2023-10-03,-3476109,252676
2023-10-04,2837314,-92233
2023-10-05,-5525617,393272
2023-10-06,-1233945,166914
2023-10-11,-4104437,356398
2023-10-12,-5674716,-1776390
2023-10-13,-10589112,-4375274
2023-10-16,-1589005,-1535671
2023-10-17,-3685128,-705000
2023-10-18,-74596,-2175466
2023-10-19,-3001354,-1636000
2023-10-20,635200,-4710952
2023-10-23,1794096,-1916390
2023-10-24,-2433929,491180
2023-10-25,-1550142,1180610
2023-10-26,6270844,-2019625
2023-10-27,-4264920,-85697
2023-10-30,2221713,355865
2023-10-31,5680501,-1246000
2023-11-01,3577378,-2959943
2023-11-02,2033147,-1645714
2023-11-03,-1908115,-129000
2023-11-06,2132254,-2239085
2023-11-07,1428945,-1984084
2023-11-08,8513997,-527000
2023-11-09,1940340,-193000
2023-11-10,-4375434,-481000
2023-11-13,-17281000,-4899000
2023-11-14,1062855,-1024000
2023-11-15,4723609,-636254
2023-11-16,-7051969,-715000
2023-11-17,-293308,-936169
2023-11-20,5502224,-1209000
2023-11-21,4662806,655949
2023-11-22,-13780471,-3233168
2023-11-23,1293822,-6270207
2023-11-24,-521174,-5220363
2023-11-27,-6761829,-7562503
2023-11-28,259090,-4751000
2023-11-29,3401065,-4474000
2023-11-30,3620657,-6140941
2023-12-01,-5021940,-4789000
2023-12-04,-956750,-3480807
2023-12-05,3356938,-2161600
2023-12-06,1213606,568668
2023-12-07,98840,-707075
2023-12-08,2312542,801220
2023-12-11,-1958126,1010283
2023-12-12,2686253,-2422266
2023-12-13,-2047984,-484505
2023-12-14,9095575,-1096245
2023-12-15,7101651,-9193143
2023-12-18,8897931,-8456063
2023-12-19,17966650,-15065932
2023-12-20,26200736,-14058000
2023-12-21,10060943,-5319327
2023-12-22,-801769,-1216777
2023-12-25,655828,-288628
2023-12-26,383462,70065
2023-12-27,1980252,-2013207
2023-12-28,10358,638131
2023-12-29,7613522,-37000
2024-01-02,-8694400,-72732
2024-01-03,-4645408,674207
2024-01-04,5627792,583000
2024-01-05,-1627543,948986
2024-01-08,-3119219,-201875
2024-01-09,5003447,-740500
2024-01-10,-1324558,1778062
2024-01-11,9206299,436304
2024-01-12,12346883,2722000
2024-01-15,-2673278,2082000
2024-01-16,-2471802,556000
2024-01-17,-2917934,2862553
2024-01-18,-7635036,1173225
2024-01-19,29748560,3949609
2024-01-22,6182661,4352038
2024-01-23,-3543520,1022000
2024-01-24,292799,186005
2024-01-25,-4010404,1000686
2024-01-26,-4577184,-38301
2024-01-29,-2569721,-42961
2024-01-30,9004445,66093
2024-01-31,-4489056,-701468
2024-02-01,4001944,-1581500
2024-02-02,14625165,106000
2024-02-05,4819884,-334306
2024-02-15,11265631,773198
2024-02-16,-21896050,-5740539
2024-02-19,-3593153,-6887256
2024-02-20,-10300962,-1548039
2024-02-21,-6471305,-1446143
2024-02-22,6150987,-1104306
2024-02-23,-1694784,-2467150
2024-02-26,-2984919,-2784561
2024-02-27,-5991167,-3053913
2024-02-29,-4244232,-4586062
2024-03-01,4399153,-480609
2024-03-04,-1241119,487427
2024-03-05,3061300,-430983
2024-03-06,4683381,-20671
2024-03-07,-451738,-614922
2024-03-08,4122619,-549330
2024-03-11,4778875,1235610
2024-03-12,8910580,646010
2024-03-13,5780134,1643098
2024-03-14,-1963127,-830688
2024-03-15,12546859,-2025687
2024-03-18,-1139554,777992
2024-03-19,3491271,-221786
2024-03-20,-12135148,-1568811
2024-03-21,6386019,547851
2024-03-22,4762383,577558
2024-03-25,-3535770,-178458
2024-03-26,-191695,451541
2024-03-27,-5672522,221000
2024-03-28,12483207,5191932
2024-03-29,4032244,12179826
2024-04-01,-9751832,1647714
2024-04-02,16232156,1942940
2024-04-03,-12890167,25070
2024-04-08,-4574050,177450
2024-04-09,239983,-188101
2024-04-10,-13972479,241229
2024-04-11,-3554447,929000
2024-04-12,-7039471,197376
2024-04-15,5902711,-151000
2024-04-16,775131,-1585287
2024-04-17,-7072850,-255651
2024-04-18,699595,-790000
2024-04-19,1994190,211691
2024-04-22,-3653932,-1024000
2024-04-23,-2945905,-132000
2024-04-24,14176908,1023374
2024-04-25,-776098,312714
2024-04-26,-804842,1355000
2024-04-29,3467087,66000
2024-04-30,434404,-250286
2024-05-02,8261345,-589383
2024-05-03,-3149729,-578000
2024-05-06,8059077,662000
2024-05-07,2301451,710757
2024-05-08,7695946,-122000
2024-05-09,6124478,699456
2024-05-10,2192589,-6932
2024-05-13,3424880,276512
2024-05-14,5034408,713268
2024-05-15,15877505,1468902
2024-05-16,-16464039,105512
2024-05-17,16852981,518000
2024-05-20,-6872677,438755
2024-05-21,2373645,-302682
2024-05-22,2746857,-1252226
2024-05-23,4419347,-998880
2024-05-24,7115157,-833113
2024-05-27,5954184,-776000
2024-05-28,-1113333,-689637
2024-05-29,3179857,-507395
2024-05-30,-2356161,-614000
2024-05-31,-11417434,-489050
2024-06-03,7001832,98145
2024-06-04,-5973838,28923
2024-06-05,3611655,-145850
2024-06-06,2050912,263800
2024-06-07,-1736141,-385275
2024-06-11,3612889,-259661
2024-06-12,-497655,-1701275
2024-06-13,11971986,-45742
2024-06-14,11927875,-256000
2024-06-17,3956,-288212
2024-06-18,7556225,-698321
2024-06-19,35539735,456606
2024-06-20,10159334,915000
2024-06-21,-6712655,-1171637
2024-06-24,-5787217,-361187
2024-06-25,-2429245,182000
2024-06-26,3445746,398000
2024-06-27,-3894126,-611000
2024-06-28,677626,285000
2024-07-01,-2475509,1118725
2024-07-02,1217028,369450
2024-07-03,-1925327,-280805
2024-07-04,3820,-1130
2024-07-05,-2266933,291507
2024-07-08,2976362,822263
2024-07-09,15640180,2293748
2024-07-10,8123720,-46000
2024-07-11,-7976233,110997
2024-07-12,1260741,318000
2024-07-15,-1561759,2150000
2024-07-16,1697710,275643
2024-07-17,-7541307,81057
2024-07-18,-13154123,-250044
2024-07-19,-1985339,-427000
2024-07-22,-2338758,581684
2024-07-23,-2864378,1267314
2024-07-26,-17258854,200318
2024-07-29,-3692093,-596000
2024-07-30,-8352751,-452986
2024-07-31,-6659156,163000
2024-08-01,2109791,2372000
2024-08-02,-15554281,354007
2024-08-05,-8540680,691000
2024-08-06,-5635214,1128000
2024-08-07,-16450128,451166
2024-08-08,-10481761,-2795673
2024-08-09,204533,14193
2024-08-12,-947672,2355611
2024-08-13,-4068548,722994
2024-08-14,-983184,524438
2024-08-15,3056830,-8000
2024-08-16,932547,112571
2024-08-19,-2322840,-55979
2024-08-20,4893639,2150716
2024-08-21,-2962185,2599358
2024-08-22,-4047573,-130642
2024-08-23,1666083,-431642
2024-08-26,-1516320,-72561
2024-08-27,-3926183,30898
2024-08-28,-149696,400915
2024-08-29,-5502235,-1402160
2024-08-30,-5722746,-123000
2024-09-02,-3899129,-85162
2024-09-03,5710790,-65814
2024-09-04,-19267003,427276
2024-09-05,-5554949,-279503
2024-09-06,3423812,508950
2024-09-09,-15419979,665403
2024-09-10,-25929390,268290
2024-09-11,-1587801,370924
2024-09-12,-1338103,805301
2024-09-13,-1890634,-9462
2024-09-16,-1380958,908927
2024-09-18,-2189333,406248
2024-09-19,-2457069,168665
2024-09-20,-1838752,145117
2024-09-23,1570259,616000
2024-09-24,-3281113,1160408
2024-09-25,9806143,3667073
2024-09-26,1310139,1133000
2024-09-27,-434775,1710060
2024-09-30,-7919858,262963
2024-10-01,-389026,176505
2024-10-04,-6669507,-95567
2024-10-07,-2396486,-352000
2024-10-08,-2288399,-20451
2024-10-09,12574791,206282
2024-10-11,6747647,919629
2024-10-14,1396146,386068
2024-10-15,10571828,1862659
2024-10-16,-822323,1722889
2024-10-17,3721889,769000
2024-10-18,16656434,1414963
2024-10-21,1309006,489482
2024-10-22,15896806,-1864018
2024-10-23,258759,123565
2024-10-24,2476874,-794494
2024-10-25,3215881,251348
2024-10-28,3038546,2110060
2024-10-29,3328825,249190
2024-10-30,1108202,302926
2024-11-01,-763662,847420
2024-11-04,4562371,1509685
2024-11-05,3805262,674208
2024-11-06,4857083,548185
2024-11-07,2163086,182530
2024-11-08,7425667,511601
2024-11-11,2618220,563541
2024-11-12,-4494081,527945
2024-11-13,1076042,-4070
2024-11-14,-9548047,369743
2024-11-15,-31010602,-3635101
2024-11-18,-697066,-2291648
2024-11-19,-14505813,-2136438
2024-11-20,-1298829,-1617249
2024-11-21,-3119993,-1799075
2024-11-22,1054444,-3955300
2024-11-25,-667000,-3253381
2024-11-26,3050879,-2546619
2024-11-27,-11905670,-366364
2024-11-28,-594656,89576
2024-11-29,-2724380,-36047
2024-12-02,-1922709,685663
2024-12-03,-3259761,63000
2024-12-04,-2521812,-681264
2024-12-05,-2722958,404623
2024-12-06,1476954,-67975
2024-12-09,-2913143,263000
2024-12-10,-3532035,-725468
2024-12-11,-7334908,-3395239
2024-12-12,-1540969,-711362
2024-12-13,-3935042,-1853620
2024-12-16,-10083094,-2413977
2024-12-17,-6279886,-1678287
2024-12-18,-4299719,-391650
2024-12-19,-3738874,-2676308
2024-12-20,868917,-1021535
2024-12-23,5946421,1969826
2024-12-24,1755121,1355000
2024-12-25,651515,283000
2024-12-26,790697,-1555200
2024-12-27,822262,-707517
2024-12-30,-1131678,-337113
2024-12-31,-1682567,-211974
2025-01-02,-6886887,-172660
2025-01-03,2439372,848000
2025-01-06,-826668,1016000
2025-01-07,82103,-163000
2025-01-08,-36999,-84443
2025-01-09,-1609905,-488443
2025-01-10,-7411989,123000
2025-01-13,-20497786,-125261
2025-01-14,-16911754,202000
2025-01-15,-13728097,-354000
2025-01-16,-11273385,-2244775
2025-01-17,-2411372,-2586194
2025-01-20,-1529704,20349
2025-01-21,-567378,-228589
2025-01-22,-6108292,-124557
2025-02-03,-21640336,-1565784
2025-02-04,-10578888,-8933269
2025-02-05,-3264497,-2649498
2025-02-06,-893048,-917499
2025-02-07,7992958,114957
2025-02-10,-485159,472475
2025-02-11,3718640,1232319
2025-02-12,545864,22253
2025-02-13,1283129,-2259896
2025-02-14,-2348178,767155
2025-02-17,-367663,348070
2025-02-18,5188769,-145495
2025-02-19,8453859,-310997
2025-02-20,-1623850,-302021
2025-02-21,2430321,-682745
2025-02-24,-5633581,-914422
2025-02-25,-12188571,-970262
2025-02-26,715041,-587761
2025-02-27,-16726807,-1097000
2025-03-03,-9178856,73000
2025-03-04,-1662995,2951510
2025-03-05,-2377652,2879965
2025-03-06,-2774660,1106133
2025-03-07,-4508992,321271
2025-03-10,-2394470,863272
2025-03-11,-11034778,1602000
2025-03-12,-3062379,1826197
2025-03-13,893030,670136
2025-03-14,-5541305,1478000
2025-03-17,-5562524,168068
2025-03-18,1806447,323717
2025-03-19,-10445260,611072
2025-03-20,2011092,-350928
2025-03-21,-1255348,124309
2025-03-24,-9155207,180521
2025-03-25,-6086532,332070
2025-03-26,1876485,32000
2025-03-27,-2844875,585773
2025-03-28,-7027374,183000
2025-03-31,-12503913,791000
2025-04-01,293888,-155000
2025-04-02,-1934905,-82904
2025-04-07,3571840,0
2025-04-08,13533098,-227233
2025-04-09,3850044,-2617075
2025-04-10,-1336803,0
2025-04-11,10570429,1406474
2025-04-14,-4665322,6470544
2025-04-15,-6420241,1020711
2025-04-16,555689,581366
2025-04-17,-1575369,460767
2025-04-18,-1287369,903929
2025-04-21,2898324,2196000
2025-04-22,-4816841,3311000
2025-04-23,4033184,1066604
2025-04-24,-1691193,592836
2025-04-25,2818941,76569
2025-04-28,8587483,1136376
2025-04-29,-4719267,-156105
2025-04-30,-3160404,320479
2025-05-02,13979910,965382
2025-05-05,3405264,1204784
2025-05-06,7313731,874418
2025-05-07,3809727,316807
2025-05-08,-3242127,63470
2025-05-09,2757096,186967
2025-05-12,1592656,44568
2025-05-13,2203636,48623
2025-05-14,18012370,725771
2025-05-15,8930890,953961
2025-05-16,471705,1436047
2025-05-19,672994,813062
2025-05-20,-1213472,347909
2025-05-21,2351656,517277
2025-05-22,-3735763,671407
2025-05-23,-1072520,-339055
2025-05-26,2915785,-65553
2025-05-27,533055,19660
2025-05-28,4629973,-315100
2025-05-29,1124798,395484
2025-06-02,374746,718104
2025-06-03,2274873,1562410
2025-06-04,4440740,-639564
2025-06-05,1365038,693252
2025-06-06,-6699521,-31565
2025-06-09,-1636149,-359173
2025-06-10,6801619,1370
2025-06-11,-1413804,31955
2025-06-12,5123127,526786
2025-06-13,4591715,224931
2025-06-16,-767381,256707
2025-06-17,-533051,860211
2025-06-18,-1652871,609430
2025-06-19,-3252567,324023
2025-06-20,-3337666,3103719
2025-06-23,-5845351,4255494
2025-06-24,707408,5328242
2025-06-25,1522812,4870375
2025-06-26,-8921039,4005420
2025-06-27,-2757740,1045869
2025-06-30,8823074,-3265014
2025-07-01,11430840,3565560
2025-07-02,-348950,-192807
2025-07-03,-452254,555662
2025-07-04,1349110,-793545
2025-07-07,2795198,-666909
2025-07-08,458709,-906105
2025-07-09,413880,-915355
2025-07-10,-1382629,-2421499
2025-07-11,-286268,-1247392
2025-07-14,1232482,1970710
2025-07-15,3958515,-657547
2025-07-16,2503589,-1478396
2025-07-17,-5797851,-482295
2025-07-18,-1944105,100726
2025-07-21,454526,-1821892
2025-07-22,-11520223,-2583609
2025-07-23,-4327942,-2300180
2025-07-24,2128364,-1411214
2025-07-25,-1185626,1027877
2025-07-28,4330993,-878791
2025-07-29,-2490947,-691469
2025-07-30,380302,1232763
2025-07-31,24981632,-237588
2025-08-01,4892096,109342
2025-08-04,4771030,235578
2025-08-05,12161274,17104
2025-08-06,4540518,-24348
2025-08-07,5723698,-1119230
2025-08-08,7258700,-2179294
2025-08-11,2319564,-1894387
2025-08-12,-8902048,-3353376
2025-08-13,-26271330,-4121850
2025-08-14,-7172002,-1849066
2025-08-15,-6175307,-1961897
2025-08-18,-3257693,-1586521
2025-08-19,-456411,-1222205
2025-08-20,-13055518,-938820
2025-08-21,-7163236,-1739332
2025-08-22,-4091928,-1882621
2025-08-25,-2606499,-1923982
2025-08-26,-5862173,-3349885
2025-08-27,-134443,-952000
2025-08-28,-1755431,172799
2025-08-29,-5270187,-249657
2025-09-01,-8596013,-568377
2025-09-02,-3289435,69105
2025-09-03,-1408636,-268341
2025-09-04,-2266891,-221576
2025-09-05,-1282391,-303638
2025-09-08,-1080044,-734242
2025-09-09,2430748,-522532
2025-09-10,9470540,-162019
2025-09-11,-5463350,-746784
2025-09-12,8143660,-117206
2025-09-15,72718,790497
2025-09-16,-2180042,284764
2025-09-17,949588,-83331
2025-09-18,9554955,409004
2025-09-19,5955325,-353157
2025-09-22,3803213,-13162
2025-09-23,17534055,334851
2025-09-24,-5068158,256676
2025-09-25,2954644,996209
2025-09-26,5046669,287558
2025-09-30,1448665,1739132
2025-10-01,4744712,1313280
2025-10-02,10074178,332689
2025-10-03,16663298,-187630
2025-10-07,7063487,-355121
2025-10-08,7075679,-313987
2025-10-09,4099425,-959909
2025-10-13,4304743,-81136
2025-10-14,-6627829,-162714
2025-10-15,-1450742,-404888
2025-10-16,-979817,-818628
2025-10-17,1125942,-1087000
2025-10-20,269324,-295886
2025-10-21,-6213178,-2531684
2025-10-22,519518,-1239989
2025-10-23,9086038,29372
2025-10-27,21477501,2747
2025-10-28,-1309807,-361451
2025-10-29,-7270,165098
2025-10-30,3711857,-345157
2025-10-31,-2952670,-482815
2025-11-03,2041547,-471769
2025-11-04,-6572190,-8324
2025-11-05,-1177900,-294862
2025-11-06,3083359,-95906
2025-11-07,-628068,-260548
2025-11-10,2451283,165430
2025-11-11,1512756,-6148
2025-11-12,-1193390,-624348
2025-11-13,-4661724,-1505410
2025-11-14,-3104274,-2275797
2025-11-17,2852586,-3795444
2025-11-18,-1488162,-2806000
2025-11-19,-2201795,-1246138
2025-11-20,1865008,-1188906
2025-11-21,-995479,-737156
2025-11-24,598246,-814164
2025-11-25,1186792,-734352
2025-11-26,129736,-17095
2025-11-27,2014615,-202689
2025-11-28,-2490936,-82866
2025-12-01,5318864,320000
2025-12-02,5376343,120720
2025-12-03,7199477,1084238
2025-12-04,5392874,-60433
2025-12-05,12664775,-36866
2025-12-08,3668973,-39969
2025-12-09,2651518,-6226
2025-12-10,2342237,172494
2025-12-11,1112867,-474432
2025-12-12,1174004,-45763
2025-12-15,756496,14677
2025-12-16,-14500320,519159
2025-12-17,-36038970,-153719
2025-12-18,-13879159,23000
2025-12-19,-9454847,697663
2025-12-22,-9664762,935244
2025-12-23,-6817905,686565
2025-12-24,-5492004,478044
2025-12-26,-5417987,-693035
2025-12-29,-5284899,97761
2025-12-30,-4199436,-438292
2025-12-31,1352014,1259307
2026-01-02,5402119,862714
2026-01-05,-4150129,189629
2026-01-06,3481411,-219390
2026-01-07,-919736,-166501
2026-01-08,-6399447,-70971
2026-01-09,23712205,44324
2026-01-12,-5152667,-188432
2026-01-13,1998803,411162
2026-01-14,10567231,-284241
2026-01-15,-2681981,769488
2026-01-16,11798141,-603352
2026-01-19,-5635010,212006
2026-01-20,-2717479,-200912
2026-01-21,-682927,-574493
2026-01-22,6990777,-53316
2026-01-23,436284,-426890
2026-01-26,11626186,-80365
2026-01-27,5112723,-263392
2026-01-28,2299031,-533401
2026-01-29,751252,-45981
2026-01-30,2504664,-175212
2026-02-02,-2661739,228737
2026-02-03,3518180,-3153223
2026-02-04,640444,-571640
2026-02-05,-972230,-226772
2026-02-06,5024980,643358
2026-02-09,5886930,-71000
2026-02-10,6700848,-74273
2026-02-11,5350852,42000
2026-02-23,2181054,-247968
2026-02-24,1832323,65772
2026-02-25,21520425,-9427
2026-02-26,-2562988,33669
2026-03-02,27139029,483385
2026-03-03,2877055,204234
2026-03-04,-9790739,156846
2026-03-05,-1630398,167421
2026-03-06,-2373130,-100245
2026-03-09,-5044810,570060
2026-03-10,-2159990,-60415
2026-03-11,5802361,-30848
2026-03-12,-1754554,351381
2026-03-13,-253088,382727
2026-03-16,1149665,-219405
2026-03-17,442366,-336254
2026-03-18,4997462,-5325
2026-03-19,-2968288,3000
2026-03-20,462673,-441857
2026-03-23,-866452,5589
2026-03-24,2203132,-157000
2026-03-25,705695,-248265
2026-03-26,4300313,-167145
2026-03-27,305762,67236
2026-03-30,-5284533,172409
2026-03-31,-2000524,270000
2026-04-01,4859520,1127877
2026-04-02,-4648824,1037842
2026-04-07,469106,420820
2026-04-08,33610909,218982
2026-04-09,14888939,419627
2026-04-10,11030247,1344974
2026-04-13,-239269,249690
2026-04-14,2849283,-709567
2026-04-15,-8943400,-1351398
2026-04-16,7636916,-748382
2026-04-17,9627251,-1518167
2026-04-20,6946312,-77166
2026-04-21,6444049,-144153
2026-04-22,-1597613,-711741
