date,revenue_year,revenue_month,revenue,announcement_date,revenue_growth_yoy_pct
2015-01-01,2014,12,30160526000,2015-01-11,
2015-02-01,2015,1,29403105000,2015-02-11,
2015-03-01,2015,2,23583840000,2015-03-11,
2015-04-01,2015,3,27816757000,2015-04-11,
2015-05-01,2015,4,25352633000,2015-05-11,
2015-06-01,2015,5,24191363000,2015-06-11,
2015-07-01,2015,6,24018677000,2015-07-11,
2015-08-01,2015,7,23940466000,2015-08-11,
2015-09-01,2015,8,22628370000,2015-09-11,
2015-10-01,2015,9,21124844000,2015-10-11,
2015-11-01,2015,10,21125715000,2015-11-11,
2015-12-01,2015,11,20302262000,2015-12-11,
2016-01-01,2015,12,21592504000,2016-01-11,-0.28408065562251794
2016-02-01,2016,1,22238128000,2016-02-11,-0.24368096498652103
2016-03-01,2016,2,17998083000,2016-03-11,-0.23684679848574275
2016-04-01,2016,3,24722332000,2016-04-11,-0.11124319776025648
2016-05-01,2016,4,22882766000,2016-05-11,-0.0974205322184879
2016-06-01,2016,5,24478925000,2016-06-11,0.011886969742052056
2016-07-01,2016,6,24971017000,2016-07-11,0.03964997739051146
2016-08-01,2016,7,24499260000,2016-08-11,0.02334098258571915
2016-09-01,2016,8,25709655000,2016-09-11,0.13616910983866704
2016-10-01,2016,9,23384315000,2016-10-11,0.10695799694426156
2016-11-01,2016,10,26031727000,2016-11-11,0.2322293943660605
2016-12-01,2016,11,27841597000,2016-12-11,0.37135443331388385
2017-01-01,2016,12,28285155000,2017-01-11,0.30995251870741813
2017-02-01,2017,1,25157643000,2017-02-11,0.1312842070159863
2017-03-01,2017,2,25868858000,2017-03-11,0.43731185148996143
2017-04-01,2017,3,31957848000,2017-04-11,0.292671257711449
2017-05-01,2017,4,27886682000,2017-05-11,0.21867618626174834
2017-06-01,2017,5,30165413000,2017-06-11,0.23230137761360026
2017-07-01,2017,6,26812821000,2017-07-11,0.07375766874052436
2017-08-01,2017,7,28479023000,2017-08-11,0.16244421260070707
2017-09-01,2017,8,30630858000,2017-09-11,0.19141458724358618
2017-10-01,2017,9,29807618000,2017-10-11,0.2746842488223409
2017-11-01,2017,10,29603163000,2017-11-11,0.13719550762037414
2017-12-01,2017,11,29678153000,2017-12-11,0.06596446317357452
2018-01-01,2017,12,30963922000,2018-01-11,0.09470575642947687
2018-02-01,2018,1,32819912000,2018-02-11,0.3045702254380507
2018-03-01,2018,2,26665920000,2018-03-11,0.030811642322981614
2018-04-01,2018,3,33903830000,2018-04-11,0.06089214768153339
2018-05-01,2018,4,31934984000,2018-05-11,0.14516972653828097
2018-06-01,2018,5,35003823000,2018-06-11,0.16039594750451447
2018-07-01,2018,6,33385608000,2018-07-11,0.24513597431616763
2018-08-01,2018,7,35015046000,2018-08-11,0.22950306265773235
2018-09-01,2018,8,33779551000,2018-09-11,0.10279480254846263
2018-10-01,2018,9,33937015000,2018-10-11,0.13853495438649266
2018-11-01,2018,10,36437512000,2018-11-11,0.2308654990684611
2018-12-01,2018,11,34532900000,2018-12-11,0.16357982250445313
2019-01-01,2018,12,33248956000,2019-01-11,0.07379665922165812
2019-02-01,2019,1,36077811000,2019-02-11,0.09926592734313244
2019-03-01,2019,2,27212442000,2019-03-11,0.020495148864168256
2019-04-01,2019,3,32939378000,2019-04-11,-0.02844669761498919
2019-05-01,2019,4,33167382000,2019-05-11,0.038590844448207706
2019-06-01,2019,5,32365285000,2019-06-11,-0.07537856650686414
2019-07-01,2019,6,29348282000,2019-07-11,-0.12093013252896279
2019-08-01,2019,7,30766856000,2019-08-11,-0.12132470138694096
2019-09-01,2019,8,30997557000,2019-09-11,-0.0823573409841949
2019-10-01,2019,9,28930655000,2019-10-11,-0.14751916159980483
2019-11-01,2019,10,27677766000,2019-11-11,-0.2404046137947069
2019-12-01,2019,11,27653365000,2019-12-11,-0.19921683380196853
2020-01-01,2019,12,29103956000,2020-01-11,-0.1246655684467205
2020-02-01,2020,1,24103044000,2020-02-11,-0.33191501003206647
2020-03-01,2020,2,26060991000,2020-03-11,-0.042313402082767904
2020-04-01,2020,3,27754842000,2020-04-11,-0.1573962932754832
2020-05-01,2020,4,25434105000,2020-05-11,-0.23315910191524913
2020-06-01,2020,5,23257451000,2020-06-11,-0.2814075018959358
2020-07-01,2020,6,23917855000,2020-07-11,-0.18503389738452147
2020-08-01,2020,7,24688800000,2020-08-11,-0.19755206706853634
2020-09-01,2020,8,25832421000,2020-09-11,-0.16663042187485932
2020-10-01,2020,9,26127823000,2020-10-11,-0.09688104192594327
2020-11-01,2020,10,27088765000,2020-11-11,-0.021280655382374447
2020-12-01,2020,11,29909497000,2020-12-11,0.08158616501102123
2021-01-01,2020,12,30607760000,2021-01-11,0.05167008911090987
2021-02-01,2021,1,30818388000,2021-02-11,0.27860978887148025
2021-03-01,2021,2,30108270000,2021-03-11,0.15530027234958177
2021-04-01,2021,3,36894940000,2021-04-11,0.3293154398068632
2021-05-01,2021,4,36906048000,2021-05-11,0.45104567272958884
2021-06-01,2021,5,39718469000,2021-06-11,0.7077739516682202
2021-07-01,2021,6,38823509000,2021-07-11,0.6232019551920522
2021-08-01,2021,7,41883163000,2021-08-11,0.6964438530831794
2021-09-01,2021,8,41713466000,2021-09-11,0.6147718403938989
2021-10-01,2021,9,41981668000,2021-10-11,0.6067801745288921
2021-11-01,2021,10,43199465000,2021-11-11,0.5947373385239232
2021-12-01,2021,11,45282222000,2021-12-11,0.5139747084345818
2022-01-01,2021,12,40998980000,2022-01-11,0.3394962584651735
2022-02-01,2022,1,40027506000,2022-02-11,0.2988189388750637
2022-03-01,2022,2,33521901000,2022-03-11,0.1133785169323911
2022-04-01,2022,3,41662586000,2022-04-11,0.1292222185481262
2022-05-01,2022,4,45410117000,2022-05-11,0.2304248073378108
2022-06-01,2022,5,43482881000,2022-06-11,0.09477736918812263
2022-07-01,2022,6,44744842000,2022-07-11,0.1525192635214916
2022-08-01,2022,7,39157604000,2022-08-11,-0.0650752905170987
2022-09-01,2022,8,36270317000,2022-09-11,-0.13048901282861514
2022-10-01,2022,9,29912530000,2022-10-11,-0.28748590932594675
2022-11-01,2022,10,32387902000,2022-11-11,-0.2502707614550319
2022-12-01,2022,11,32018052000,2022-12-11,-0.2929222421991571
2023-01-01,2022,12,30971250000,2023-01-11,-0.24458486528201429
2023-02-01,2023,1,26244553000,2023-02-11,-0.3443370416333208
2023-03-01,2023,2,31254510000,2023-03-11,-0.06763909361822884
2023-04-01,2023,3,33846889000,2023-04-11,-0.18759510031374438
2023-05-01,2023,4,32379484000,2023-05-11,-0.2869544026940076
2023-06-01,2023,5,32760575000,2023-06-11,-0.24658683494315847
2023-07-01,2023,6,30216859000,2023-07-11,-0.3246850888421955
2023-08-01,2023,7,28220608000,2023-08-11,-0.27930707915632424
2023-09-01,2023,8,30550154000,2023-09-11,-0.1577092088828449
2023-10-01,2023,9,29458618000,2023-10-11,-0.015174644204284937
2023-11-01,2023,10,29052184000,2023-11-11,-0.1029927162308939
2023-12-01,2023,11,29862767000,2023-12-11,-0.06731468235481664
2024-01-01,2023,12,29479297000,2024-01-11,-0.04817219195221378
2024-02-01,2024,1,31931086000,2024-02-11,0.21667478962205977
2024-03-01,2024,2,28964834000,2024-03-11,-0.0732590592525687
2024-04-01,2024,3,32857996000,2024-04-11,-0.029216658582713495
2024-05-01,2024,4,32701734000,2024-05-11,0.009952289542353387
2024-06-01,2024,5,31913954000,2024-06-11,-0.025842678280219467
2024-07-01,2024,6,29956526000,2024-07-11,-0.008615488459604581
2024-08-01,2024,7,29273051000,2024-08-11,0.03729342046776596
2024-09-01,2024,8,29595067000,2024-09-11,-0.031262919329310135
2024-10-01,2024,9,26747619000,2024-10-11,-0.09202736530274436
2024-11-01,2024,10,27939847000,2024-11-11,-0.03828755180677634
2024-12-01,2024,11,29021777000,2024-12-11,-0.02816182438820891
2025-01-01,2024,12,29632223000,2025-01-11,0.005187572824413067
2025-02-01,2025,1,25711893000,2025-02-11,-0.19476922895763704
2025-03-01,2025,2,28161939000,2025-03-11,-0.02771964790131376
2025-04-01,2025,3,29296391000,2025-04-11,-0.10839385944291913
2025-05-01,2025,4,30241696000,2025-05-11,-0.07522653080108843
2025-06-01,2025,5,29314725000,2025-06-11,-0.0814449065133076
2025-07-01,2025,6,25540284000,2025-07-11,-0.14742170036672475
2025-08-01,2025,7,24391344000,2025-08-11,-0.16676454394863038
2025-09-01,2025,8,24739527000,2025-09-11,-0.16406585597525425
2025-10-01,2025,9,24384779000,2025-10-11,-0.08833833022670168
2025-11-01,2025,10,24461547000,2025-11-11,-0.12449244979759555
2025-12-01,2025,11,25367720000,2025-12-11,-0.12590741772979652
2026-01-01,2025,12,25543419000,2026-01-11,-0.13798505768534475
2026-02-01,2026,1,26018929000,2026-02-11,0.011941400036162175
2026-03-01,2026,2,24520577000,2026-03-11,-0.12930082690684042
2026-04-01,2026,3,28622383000,2026-04-11,-0.02300651981331081
