stock_id,name,template,is_current,is_new_best,n_trades,win_rate,pf,max_dd,im_cagr,fill_rate,expectancy,score
006208,富邦台50,low_vol_pullback,False,False,5,0.6,1.776,-0.0294,0.2471,0.714,0.0134,3.183
006208,富邦台50,mean_reversion,False,False,13,0.5385,1.991,-0.0592,0.2638,0.867,0.0151,5.254
006208,富邦台50,donchian_breakout,True,False,43,0.5349,2.614,-0.0684,0.2306,0.978,0.0233,9.89
006208,富邦台50,trend_pullback,False,False,4,0.5,1.275,-0.0246,0.0443,0.364,0.0045,2.053
006208,富邦台50,momentum_hold,False,True,11,0.4545,7.088,-0.0837,0.185,0.786,0.1264,17.613
006208,富邦台50,volume_breakout,False,False,36,0.5833,2.964,-0.0563,0.28,0.973,0.0221,10.704
006208,富邦台50,bollinger_squeeze,False,False,9,0.4444,3.239,-0.0378,0.3945,0.692,0.0294,7.458
1303,南亞,low_vol_pullback,False,False,15,0.5333,1.619,-0.0719,0.2817,0.938,0.0112,4.488
1303,南亞,mean_reversion,False,False,10,0.4,2.828,-0.0602,0.4557,0.833,0.0349,6.781
1303,南亞,donchian_breakout,False,False,23,0.3478,0.636,-0.0863,-0.1584,0.885,-0.0078,
1303,南亞,trend_pullback,False,True,4,0.75,10.465,-0.0183,0.7512,0.5,0.0482,16.842
1303,南亞,momentum_hold,False,False,14,0.4286,1.259,-0.1244,0.021,0.789,0.0053,3.41
1303,南亞,volume_breakout,False,False,34,0.3824,0.853,-0.1081,-0.0895,0.971,-0.0029,
1303,南亞,bollinger_squeeze,False,False,9,0.1111,0.163,-0.0533,-0.342,1.0,-0.0197,
1326,台化,low_vol_pullback,False,False,20,0.55,2.811,-0.0436,0.3544,1.0,0.03,8.56
1326,台化,mean_reversion,False,False,14,0.4286,1.672,-0.0287,0.22,0.933,0.011,4.528
1326,台化,donchian_breakout,False,False,28,0.2857,0.495,-0.0959,-0.2302,1.0,-0.0149,
1326,台化,trend_pullback,True,True,16,0.375,3.465,-0.0139,0.6959,0.457,0.0288,9.817
1326,台化,momentum_hold,False,False,13,0.1538,0.647,-0.0596,-0.0705,0.684,-0.0079,
1326,台化,volume_breakout,False,False,39,0.1795,0.279,-0.1041,-0.7522,1.0,-0.0157,
1326,台化,bollinger_squeeze,False,False,15,0.3333,0.891,-0.0399,-0.048,0.882,-0.0031,
1560,中砂,low_vol_pullback,False,False,49,0.5306,1.497,-0.2649,0.2035,0.891,0.015,5.857
1560,中砂,mean_reversion,True,False,21,0.6667,3.036,-0.1146,1.1228,0.875,0.0452,9.385
1560,中砂,donchian_breakout,False,False,55,0.4,1.293,-0.3684,0.0712,1.0,0.0126,5.204
1560,中砂,trend_pullback,False,False,11,0.5455,2.947,-0.0679,0.4234,0.478,0.0351,7.322
1560,中砂,momentum_hold,False,True,18,0.3333,3.273,-0.2631,0.2465,0.864,0.0954,9.637
1560,中砂,volume_breakout,False,False,56,0.375,0.873,-0.2532,-0.111,1.0,-0.002,
1560,中砂,bollinger_squeeze,False,False,14,0.5,1.333,-0.0989,0.1061,1.0,0.0073,3.611
1802,台玻,low_vol_pullback,True,True,16,0.6875,3.986,-0.053,0.9556,0.941,0.037,11.293
1802,台玻,mean_reversion,False,False,5,0.4,0.722,-0.038,-0.2735,1.0,-0.0076,
1802,台玻,donchian_breakout,False,False,24,0.375,2.826,-0.1473,1.386,1.0,0.0532,9.095
1802,台玻,trend_pullback,False,False,14,0.2143,0.791,-0.1098,-0.1499,0.556,-0.0051,
1802,台玻,momentum_hold,False,False,24,0.1667,1.441,-0.3195,0.0174,0.96,0.0275,4.639
1802,台玻,volume_breakout,False,False,34,0.4118,2.441,-0.139,0.9745,1.0,0.044,8.68
1802,台玻,bollinger_squeeze,False,False,21,0.4762,3.466,-0.1346,1.8007,1.0,0.0681,10.713
1809,中釉,low_vol_pullback,False,True,20,0.9,3.128,-0.0152,2.0231,1.0,0.0124,9.524
1809,中釉,mean_reversion,False,False,22,0.3182,0.872,-0.0702,-0.1109,1.0,-0.0037,
1809,中釉,donchian_breakout,True,False,26,0.3077,0.432,-0.103,-0.6502,1.0,-0.0236,
1809,中釉,trend_pullback,False,False,8,0.25,0.506,-0.0367,-0.1877,0.8,-0.0119,
1809,中釉,momentum_hold,False,False,34,0.2059,0.782,-0.1167,-0.1985,0.773,-0.0063,
1809,中釉,volume_breakout,False,False,45,0.2667,0.465,-0.163,-0.6238,1.0,-0.0196,
1809,中釉,bollinger_squeeze,False,False,16,0.25,0.371,-0.0385,-0.5036,1.0,-0.0162,
2308,台達電,low_vol_pullback,True,False,26,0.6154,2.232,-0.0888,0.4341,0.929,0.0248,7.356
2308,台達電,mean_reversion,False,False,12,0.5,2.251,-0.131,0.5799,1.0,0.0298,5.773
2308,台達電,donchian_breakout,False,True,36,0.4722,3.42,-0.1875,0.3554,0.947,0.0747,12.349
2308,台達電,trend_pullback,False,False,13,0.2308,0.486,-0.2427,-0.2847,0.481,-0.016,
2308,台達電,momentum_hold,False,False,34,0.1765,0.699,-0.2721,-0.1082,0.854,-0.0065,
2308,台達電,volume_breakout,False,False,18,0.5,3.445,-0.179,0.9355,1.0,0.0863,10.144
2308,台達電,bollinger_squeeze,False,False,11,0.4545,2.741,-0.0744,0.3434,1.0,0.0309,6.81
2317,鴻海,low_vol_pullback,False,False,16,0.375,0.32,-0.3699,-0.5507,1.0,-0.0231,
2317,鴻海,mean_reversion,False,False,31,0.4516,0.483,-0.4264,-0.3496,0.886,-0.0127,
2317,鴻海,donchian_breakout,False,False,19,0.4737,2.379,-0.2724,0.2539,1.0,0.0337,7.126
2317,鴻海,trend_pullback,False,False,6,0.1667,0.131,-0.1844,-0.5198,0.429,-0.0273,
2317,鴻海,momentum_hold,False,True,24,0.3333,2.833,-0.2777,0.4204,0.857,0.0437,9.12
2317,鴻海,volume_breakout,False,False,26,0.4231,1.225,-0.1906,0.1104,1.0,0.006,4.038
2317,鴻海,bollinger_squeeze,False,False,12,0.6667,2.604,-0.232,0.3516,1.0,0.0598,6.679
2330,台積電,low_vol_pullback,False,False,19,0.6316,1.164,-0.1332,0.0503,0.864,0.0048,3.486
2330,台積電,mean_reversion,False,False,21,0.4286,1.201,-0.1322,0.0484,1.0,0.0073,3.712
2330,台積電,donchian_breakout,True,True,48,0.4583,2.109,-0.1728,0.1572,0.891,0.0242,8.209
2330,台積電,trend_pullback,False,False,9,0.2222,0.23,-0.1322,-0.3443,0.375,-0.0229,
2330,台積電,momentum_hold,False,False,9,0.4444,1.944,-0.1192,0.1957,0.714,0.0261,4.476
2330,台積電,volume_breakout,False,False,73,0.3151,1.188,-0.3637,0.0354,0.961,0.0043,5.115
2330,台積電,bollinger_squeeze,False,False,14,0.2143,1.007,-0.1275,-0.0216,0.933,0.0013,2.726
2345,智邦,low_vol_pullback,True,False,46,0.6957,2.653,-0.0361,0.5858,0.979,0.0352,10.215
2345,智邦,mean_reversion,False,False,11,0.6364,5.449,-0.0421,0.6365,1.0,0.067,13.541
2345,智邦,donchian_breakout,False,False,45,0.4,1.839,-0.0731,0.2003,0.979,0.0327,7.04
2345,智邦,trend_pullback,False,False,6,0.6667,8.043,-0.0111,2.4835,0.333,0.0413,15.651
2345,智邦,momentum_hold,False,True,11,0.5455,6.744,-0.0971,0.3685,0.688,0.2365,16.758
2345,智邦,volume_breakout,False,False,42,0.3333,1.47,-0.0662,0.178,1.0,0.0142,5.528
2345,智邦,bollinger_squeeze,False,False,15,0.3333,0.681,-0.0464,-0.4483,0.938,-0.0095,
2360,致茂,low_vol_pullback,True,False,78,0.5513,1.418,-0.1877,0.1942,0.951,0.0125,6.196
2360,致茂,mean_reversion,False,False,11,0.4545,1.54,-0.1836,0.4136,0.917,0.0233,3.828
2360,致茂,donchian_breakout,False,False,40,0.45,1.839,-0.3716,0.1915,0.952,0.0273,6.828
2360,致茂,trend_pullback,False,False,5,0.4,0.69,-0.0847,-0.1638,0.417,-0.0074,
2360,致茂,momentum_hold,False,True,10,0.5,5.387,-0.1865,0.6365,1.0,0.1606,12.917
2360,致茂,volume_breakout,False,False,50,0.3,0.639,-0.4254,-0.2834,0.962,-0.0115,
2360,致茂,bollinger_squeeze,False,False,14,0.4286,1.695,-0.1159,0.1901,1.0,0.0215,4.589
2376,技嘉,low_vol_pullback,False,False,33,0.6667,1.681,-0.0475,0.4769,0.917,0.0214,5.929
2376,技嘉,mean_reversion,False,False,12,0.5,1.134,-0.0352,0.0463,1.0,0.0032,2.908
2376,技嘉,donchian_breakout,False,False,27,0.3333,0.868,-0.09,-0.0654,1.0,-0.004,
2376,技嘉,trend_pullback,False,False,19,0.3158,0.328,-0.0469,-0.6459,0.594,-0.0157,
2376,技嘉,momentum_hold,False,True,9,0.4444,16.663,-0.0612,1.0011,0.833,0.2597,38.368
2376,技嘉,volume_breakout,False,False,55,0.3455,1.779,-0.0852,0.2416,0.966,0.018,7.16
2376,技嘉,bollinger_squeeze,False,False,15,0.4,4.166,-0.0794,0.6007,1.0,0.1298,11.551
2383,台光電,low_vol_pullback,False,True,9,0.8889,7.984,-0.0122,2.7825,0.9,0.0363,18.385
2383,台光電,mean_reversion,False,False,18,0.6111,3.657,-0.0264,2.8829,0.9,0.0454,10.769
2383,台光電,donchian_breakout,False,False,32,0.4375,2.356,-0.0637,0.3353,0.971,0.0512,8.239
2383,台光電,trend_pullback,False,False,1,0.0,0.0,-0.0022,,0.056,-0.0145,
2383,台光電,momentum_hold,False,False,14,0.5714,2.577,-0.0826,0.3545,0.833,0.0655,6.979
2383,台光電,volume_breakout,False,False,85,0.3529,2.047,-0.0702,0.4426,1.0,0.0276,9.116
2383,台光電,bollinger_squeeze,False,False,12,0.4167,4.231,-0.0343,0.893,0.923,0.0553,10.853
2454,聯發科,low_vol_pullback,False,False,17,0.5882,1.232,-0.0925,0.0585,1.0,0.01,3.562
2454,聯發科,mean_reversion,True,False,14,0.5,1.146,-0.1298,0.0185,1.0,0.0086,3.103
2454,聯發科,donchian_breakout,False,True,29,0.4828,1.278,-0.1036,0.0436,0.938,0.0072,4.348
2454,聯發科,trend_pullback,False,False,6,0.1667,0.223,-0.0635,-0.5424,0.3,-0.0259,
2454,聯發科,momentum_hold,False,False,13,0.1538,0.945,-0.1437,-0.0284,0.542,-0.0007,
2454,聯發科,volume_breakout,False,False,29,0.2759,0.997,-0.1649,-0.0525,1.0,0.0016,
2454,聯發科,bollinger_squeeze,False,False,13,0.3846,0.336,-0.0955,-0.2704,1.0,-0.0252,
2615,萬海,low_vol_pullback,False,False,14,0.3571,0.473,-0.0827,-0.3299,0.875,-0.027,
2615,萬海,mean_reversion,False,False,13,0.6154,1.44,-0.0454,0.3046,1.0,0.0125,3.8
2615,萬海,donchian_breakout,False,False,22,0.3636,2.618,-0.0844,0.5732,1.0,0.0675,8.21
2615,萬海,trend_pullback,False,False,12,0.3333,4.666,-0.0291,2.3975,0.545,0.0892,11.968
2615,萬海,momentum_hold,False,False,14,0.2857,1.412,-0.1183,0.0131,0.667,0.0262,3.825
2615,萬海,volume_breakout,True,False,34,0.4118,4.226,-0.0852,1.7198,1.0,0.0895,15.026
2615,萬海,bollinger_squeeze,False,True,14,0.4286,9.967,-0.0412,3.4493,1.0,0.1409,26.991
2881,富邦金,low_vol_pullback,False,False,17,0.4118,1.788,-0.0166,0.1714,0.895,0.0105,5.167
2881,富邦金,mean_reversion,True,False,23,0.4783,2.064,-0.0213,0.2258,0.92,0.0227,6.561
2881,富邦金,donchian_breakout,False,False,46,0.3696,1.132,-0.0568,0.0063,0.958,0.0035,4.357
2881,富邦金,trend_pullback,False,False,10,0.5,2.449,-0.0153,0.2726,0.476,0.0185,5.873
2881,富邦金,momentum_hold,False,True,18,0.2222,2.488,-0.0496,0.2632,0.667,0.0288,7.324
2881,富邦金,volume_breakout,False,False,32,0.3438,1.084,-0.0539,-0.013,1.0,0.002,3.789
2881,富邦金,bollinger_squeeze,False,False,29,0.3448,1.141,-0.0606,0.0073,0.935,0.0033,3.881
2882,國泰金,low_vol_pullback,False,True,16,0.6875,3.818,-0.0303,0.2354,0.895,0.028,10.816
2882,國泰金,mean_reversion,True,False,15,0.4667,1.465,-0.0186,0.1168,0.833,0.0089,4.063
2882,國泰金,donchian_breakout,False,False,36,0.3889,1.55,-0.0544,0.1448,0.973,0.0118,5.598
2882,國泰金,trend_pullback,False,False,7,0.2857,2.152,-0.0243,0.2493,0.583,0.025,4.475
2882,國泰金,momentum_hold,False,False,21,0.2381,2.681,-0.0408,0.1145,0.917,0.0414,8.288
2882,國泰金,volume_breakout,False,False,66,0.3182,1.109,-0.0638,0.0127,0.985,0.0023,4.665
2882,國泰金,bollinger_squeeze,False,False,23,0.4783,1.949,-0.0176,0.2511,1.0,0.01,6.193
2883,開發金,low_vol_pullback,False,False,11,0.3636,1.292,-0.0305,0.0898,0.917,0.0055,3.211
2883,開發金,mean_reversion,False,False,25,0.4,1.026,-0.0639,-0.0134,0.929,0.0008,3.342
2883,開發金,donchian_breakout,False,False,31,0.4516,2.585,-0.038,0.3758,1.0,0.0239,8.96
2883,開發金,trend_pullback,True,False,23,0.4348,1.396,-0.0289,0.0816,0.622,0.0095,4.438
2883,開發金,momentum_hold,False,True,11,0.4545,6.712,-0.0523,0.2174,0.8,0.1119,16.677
2883,開發金,volume_breakout,False,False,38,0.4474,2.049,-0.0388,0.2474,1.0,0.0198,7.505
2883,開發金,bollinger_squeeze,False,False,8,0.5,5.11,-0.016,0.4123,0.889,0.0434,11.228
2885,元大金,low_vol_pullback,False,False,16,0.5,1.901,-0.038,0.2965,1.0,0.0136,5.386
2885,元大金,mean_reversion,False,False,12,0.3333,1.171,-0.0284,0.0542,0.857,0.0033,3.005
2885,元大金,donchian_breakout,False,False,45,0.4222,0.912,-0.102,-0.0242,0.979,-0.0019,
2885,元大金,trend_pullback,False,False,4,0.5,1.491,-0.0141,0.0638,0.4,0.0075,2.4
2885,元大金,momentum_hold,False,True,11,0.3636,2.503,-0.0701,0.0769,0.857,0.0608,6.219
2885,元大金,volume_breakout,False,False,75,0.2667,0.559,-0.1035,-0.1734,0.927,-0.0085,
2885,元大金,bollinger_squeeze,True,False,40,0.425,1.209,-0.0402,0.0414,1.0,0.0037,4.491
2891,中信金,low_vol_pullback,False,False,24,0.5833,1.933,-0.023,0.2083,0.889,0.0164,6.222
2891,中信金,mean_reversion,False,False,11,0.4545,1.161,-0.0207,0.037,0.917,0.0045,2.884
2891,中信金,donchian_breakout,False,True,42,0.4048,2.12,-0.0689,0.1099,0.935,0.0253,7.972
2891,中信金,trend_pullback,False,False,8,0.5,1.061,-0.0163,0.0066,0.4,0.0009,2.33
2891,中信金,momentum_hold,False,False,41,0.2439,1.468,-0.0709,0.0454,0.808,0.0081,5.485
2891,中信金,volume_breakout,False,False,23,0.3913,0.374,-0.0322,-0.4901,1.0,-0.0094,
2891,中信金,bollinger_squeeze,True,False,18,0.3333,2.087,-0.0303,0.1636,1.0,0.0226,6.144
3017,奇鋐,low_vol_pullback,False,False,41,0.7073,1.636,-0.1614,0.6074,0.932,0.0149,6.116
3017,奇鋐,mean_reversion,False,False,12,0.6667,2.263,-0.1206,1.6884,0.923,0.0462,5.805
3017,奇鋐,donchian_breakout,False,False,29,0.3103,1.449,-0.2915,0.1291,1.0,0.0204,4.93
3017,奇鋐,trend_pullback,False,True,10,0.4,2.929,-0.0905,1.0681,0.526,0.0393,7.024
3017,奇鋐,momentum_hold,False,False,11,0.2727,1.869,-0.3469,0.1402,0.923,0.0787,4.643
3017,奇鋐,volume_breakout,False,False,40,0.25,0.731,-0.4403,-0.2418,1.0,-0.0056,
3017,奇鋐,bollinger_squeeze,False,False,9,0.2222,0.292,-0.1366,-0.4785,1.0,-0.0301,
3034,聯詠,low_vol_pullback,True,False,38,0.5,1.585,-0.1007,0.2248,0.907,0.0119,5.808
3034,聯詠,mean_reversion,False,False,29,0.3448,0.784,-0.1416,-0.1473,0.935,-0.006,
3034,聯詠,donchian_breakout,False,False,26,0.3462,2.054,-0.1502,0.2175,0.931,0.0377,6.771
3034,聯詠,trend_pullback,False,False,9,0.5556,2.035,-0.0364,0.6867,0.643,0.0126,4.686
3034,聯詠,momentum_hold,False,True,6,0.5,7.752,-0.0736,0.7558,0.857,0.1481,15.084
3034,聯詠,volume_breakout,False,False,79,0.2278,0.44,-0.3536,-0.3705,0.976,-0.0165,
3034,聯詠,bollinger_squeeze,False,False,23,0.2174,1.899,-0.1427,0.322,1.0,0.0387,6.037
3711,日月光投控,low_vol_pullback,False,False,14,0.7143,2.53,-0.0222,0.9807,0.875,0.0322,6.851
3711,日月光投控,mean_reversion,False,False,19,0.5789,2.023,-0.0392,0.6338,0.905,0.0256,6.061
3711,日月光投控,donchian_breakout,False,False,34,0.2941,0.671,-0.0977,-0.284,0.946,-0.0114,
3711,日月光投控,trend_pullback,False,False,3,0.3333,1.633,-0.0171,0.2412,0.6,0.0107,2.264
3711,日月光投控,momentum_hold,False,True,10,0.6,17.044,-0.0552,0.4559,1.0,0.1085,40.871
3711,日月光投控,volume_breakout,False,False,31,0.2258,0.367,-0.0751,-0.733,0.969,-0.0165,
3711,日月光投控,bollinger_squeeze,False,False,12,0.4167,1.293,-0.0306,0.1006,1.0,0.0089,3.316
6515,穎崴,low_vol_pullback,False,False,8,0.625,2.258,-0.0579,1.5339,1.0,0.0296,4.962
6515,穎崴,mean_reversion,False,False,13,0.4615,1.072,-0.1192,-0.0223,1.0,0.0058,2.829
6515,穎崴,donchian_breakout,True,False,29,0.4483,1.172,-0.1297,0.0813,0.935,0.0071,3.987
6515,穎崴,trend_pullback,False,False,5,0.6,23.82,-0.0578,10.9321,0.278,0.3907,
6515,穎崴,momentum_hold,False,False,20,0.3,1.457,-0.206,0.1104,0.955,0.0235,4.436
6515,穎崴,volume_breakout,False,False,16,0.5,2.746,-0.1247,0.96,1.0,0.0689,7.78
6515,穎崴,bollinger_squeeze,False,True,11,0.5455,6.072,-0.0942,1.4556,1.0,0.1333,15.09
6770,力積電,low_vol_pullback,True,True,9,0.6667,8.787,-0.1051,24.4517,1.0,0.0455,20.232
6770,力積電,mean_reversion,False,False,0,,,0.0,,,,
6770,力積電,donchian_breakout,False,False,13,0.2308,1.077,-0.3265,-0.0601,0.929,0.0126,2.843
6770,力積電,trend_pullback,False,False,0,,,0.0,,,,
6770,力積電,momentum_hold,False,False,14,0.4286,3.701,-0.193,2.2466,0.933,0.097,10.024
6770,力積電,volume_breakout,False,False,15,0.1333,1.847,-0.2192,0.8791,0.882,0.0391,5.122
6770,力積電,bollinger_squeeze,False,False,9,0.1111,1.545,-0.1758,0.7287,1.0,0.0301,3.557
9914,美利達,low_vol_pullback,True,True,12,0.8333,11.806,-0.0112,2.9262,1.0,0.0518,30.282
9914,美利達,mean_reversion,False,False,8,0.375,0.788,-0.0182,-0.2305,1.0,-0.0062,
9914,美利達,donchian_breakout,False,False,26,0.4231,1.378,-0.0839,0.0897,0.963,0.0161,4.543
9914,美利達,trend_pullback,False,False,6,0.5,3.166,-0.0374,0.7624,0.429,0.0671,6.162
9914,美利達,momentum_hold,False,False,9,0.5556,4.111,-0.0462,0.5103,0.9,0.0998,9.466
9914,美利達,volume_breakout,False,False,41,0.4878,1.38,-0.0627,0.1585,0.932,0.0096,5.16
9914,美利達,bollinger_squeeze,False,False,8,0.5,1.358,-0.0307,0.0511,1.0,0.0064,2.985
9921,巨大,low_vol_pullback,True,False,21,0.5714,1.498,-0.0457,0.2132,0.875,0.0106,4.631
9921,巨大,mean_reversion,False,False,7,0.4286,0.755,-0.0311,-0.2255,0.875,-0.0085,
9921,巨大,donchian_breakout,False,False,23,0.3913,0.974,-0.0714,-0.0447,1.0,-0.0003,
9921,巨大,trend_pullback,False,False,4,0.5,1.985,-0.0155,0.3113,0.5,0.0108,3.195
9921,巨大,momentum_hold,False,True,13,0.3846,1.926,-0.061,0.1144,0.765,0.0356,5.082
9921,巨大,volume_breakout,False,False,48,0.2917,1.202,-0.1056,-0.0067,0.98,0.0078,4.677
9921,巨大,bollinger_squeeze,False,False,11,0.2727,0.655,-0.0403,-0.2917,1.0,-0.0107,
