date,open,high,low,close,volume,turnover,transactions,price_change
20220630,334.0,334.5,317.0,334.0,5630387,1840498926,5565,X0.00
20220701,324.5,329.0,294.5,302.0,3156720,982129156,3593,-32.00
20220704,298.5,301.0,291.5,297.5,1344568,400463868,1666,-4.50
20220705,305.0,325.0,299.0,325.0,1997050,620971443,2396,+27.50
20220706,323.0,325.5,309.5,314.0,1539826,487836074,1866,-11.00
20220707,317.0,319.5,305.0,316.5,1335970,420650668,1486,+2.50
20220708,318.0,319.5,308.5,313.0,1079529,339033915,1451,-3.50
20220711,309.0,310.0,293.0,296.0,1430257,427493695,1853,-17.00
20220712,290.5,291.0,267.0,268.0,1926029,533543183,2921,-28.00
20220713,275.0,278.0,253.0,265.0,1504931,402460371,1945,-3.00
20220714,260.0,281.0,253.5,278.0,1519181,411597590,1734,X0.00
20220715,276.0,296.0,271.0,292.5,1791526,514489067,2284,+14.50
20220718,292.5,299.5,290.0,292.5,1195532,351044181,2043, 0.00
20220719,290.5,293.5,287.0,289.0,578656,168129761,812,-3.50
20220720,295.0,307.0,290.5,302.5,1733397,517994490,2137,+13.50
20220721,302.5,309.0,297.5,307.0,1128075,341752017,6716,+4.50
20220722,307.0,311.5,301.0,311.5,1159454,355775226,1498,+4.50
20220725,318.0,339.5,316.0,339.5,2713616,888634517,4521,+28.00
20220726,332.0,340.0,325.0,340.0,1971884,656794131,9070,+0.50
20220727,341.5,341.5,332.5,335.5,1158454,390177039,1541,-4.50
20220728,338.5,339.0,318.5,320.0,1447701,473244934,5106,-15.50
20220729,324.0,329.5,321.5,322.5,785914,255216461,1089,+2.50
20220801,324.5,324.5,312.5,319.5,858480,271810189,1392,-3.00
20220802,313.5,314.0,308.0,308.5,748039,232333119,1146,-11.00
20220803,314.0,322.0,310.0,312.0,714999,225006178,1010,+3.50
20220804,310.5,312.5,302.5,309.5,629710,193697459,1402,-2.50
20220805,314.0,328.5,314.0,326.0,1110543,359025904,1515,+16.50
20220808,320.5,324.0,318.0,321.0,495681,158928118,1983,-5.00
20220809,316.5,319.5,311.5,313.0,586233,184598632,895,-8.00
20220810,311.0,313.5,309.0,311.5,350270,108891078,553,-1.50
20220811,316.0,317.5,312.0,313.5,531353,167141478,761,+2.00
20220812,314.0,314.5,308.5,309.5,577952,179036580,1024,-4.00
20220815,313.0,324.5,308.0,322.5,937233,298849660,1177,+13.00
20220816,322.5,324.0,317.0,318.0,492097,157060836,1128,-4.50
20220817,318.0,319.5,313.0,313.5,414577,130763374,683,-4.50
20220818,312.0,322.5,311.5,321.0,627030,200210905,889,+7.50
20220819,323.0,324.0,317.5,317.5,507091,161932086,727,-3.50
20220822,315.0,316.5,311.0,311.0,450648,141175121,837,-6.50
20220823,310.0,310.0,304.0,306.5,411981,126474429,672,-4.50
20220824,309.0,309.0,304.5,304.5,433343,132547161,583,-2.00
20220825,306.0,309.5,305.5,307.5,247963,76203895,417,+3.00
20220826,310.0,311.0,306.5,306.5,316947,97947783,554,-1.00
20220829,295.0,297.0,293.0,295.0,686669,202980755,1233,-11.50
20220830,296.0,303.0,295.0,300.0,304937,91571954,483,+5.00
20220831,297.0,312.0,296.5,311.0,588787,181006763,804,+11.00
20220901,305.0,307.0,300.5,301.5,572374,173581474,888,-9.50
20220902,304.0,310.0,301.0,308.0,424045,129731313,619,+6.50
20220905,308.5,310.0,302.0,302.5,322608,98299863,561,-5.50
20220906,304.0,304.5,297.5,298.5,358514,107459155,818,-4.00
20220907,299.5,299.5,291.0,294.0,341189,100448734,755,-4.50
20220908,298.0,299.0,295.0,297.0,274673,81562335,385,+3.00
20220912,295.5,302.0,295.0,297.5,537015,160255208,592,+0.50
20220913,299.5,299.5,292.0,293.0,604728,178141899,880,-4.50
20220914,285.5,289.5,283.0,289.0,391093,112337739,713,-4.00
20220915,291.0,291.0,288.0,289.0,276713,80044444,424, 0.00
20220916,289.0,289.0,285.0,288.5,245623,70628926,397,-0.50
20220919,288.0,289.0,280.0,281.0,481668,136181624,761,-7.50
20220920,283.0,284.5,281.0,281.0,252313,71220716,363, 0.00
20220921,278.0,279.5,269.0,272.0,556151,152297543,1051,-9.00
20220922,268.0,273.5,264.0,272.0,397923,106929587,658, 0.00
20220923,270.0,273.5,263.5,265.5,363675,97239409,766,-6.50
20220926,259.0,260.0,249.0,252.0,879934,223396330,1264,-13.50
20220927,253.5,267.0,250.5,266.5,441206,113814845,661,+14.50
20220928,261.5,265.0,254.0,254.0,506689,130348923,726,-12.50
20220929,259.0,263.0,245.0,248.5,596009,151216905,791,-5.50
20220930,242.0,245.0,237.0,244.0,510488,123093493,777,-4.50
20221003,243.0,243.0,235.0,235.0,499913,119247972,792,-9.00
20221004,241.0,242.0,237.0,237.0,530465,126782857,689,+2.00
20221005,241.0,245.0,236.0,237.5,967972,233530762,1278,+0.50
20221006,238.5,239.5,227.5,227.5,907145,210101110,1436,-10.00
20221007,226.5,226.5,222.0,222.0,734224,164161290,1072,-5.50
20221011,212.0,212.0,201.0,203.5,1122180,230230543,1577,-18.50
20221012,205.5,207.0,191.5,191.5,1179463,232801569,1716,-12.00
20221013,193.0,193.5,178.5,180.5,1565218,291576240,1898,-11.00
20221014,187.5,189.0,182.0,182.0,1473209,273790020,1601,+1.50
20221017,175.5,182.0,174.0,180.0,1388808,247760233,1333,-2.00
20221018,183.0,183.0,173.0,178.5,1466217,260876646,1695,-1.50
20221019,179.5,185.5,176.5,176.5,1382200,249819896,1349,-2.00
20221020,174.5,178.5,171.0,177.5,987635,173200824,1003,+1.00
20221021,176.0,178.0,172.0,172.0,944808,165109005,945,-5.50
20221024,176.0,188.5,176.0,178.5,1361988,246814396,1360,+6.50
20221025,178.5,178.5,165.0,166.5,1000478,171423108,1532,-12.00
20221026,168.0,170.0,164.0,167.0,755459,126277068,768,+0.50
20221027,168.5,172.5,167.5,171.5,1057799,180892011,1053,+4.50
20221028,169.0,172.0,167.0,169.5,1142135,194513904,990,-2.00
20221031,175.5,186.0,175.0,180.0,4580090,837253069,3487,+10.50
20221101,178.0,180.0,176.0,176.0,1462480,260466610,1344,-4.00
20221102,178.0,182.5,176.0,180.0,1922981,346023431,1515,+4.00
20221103,176.5,181.5,176.0,180.0,1044778,187570989,939, 0.00
20221104,180.0,198.0,179.5,197.5,5406167,1037355238,4791,+17.50
20221107,197.0,199.0,192.5,195.0,3156829,618175290,2835,-2.50
20221108,197.5,206.0,192.0,192.5,4154590,824817744,4276,-2.50
20221109,195.5,202.0,194.5,198.0,3142976,623494159,3045,+5.50
20221110,189.0,193.0,183.0,185.5,3408783,639072715,3538,-12.50
20221111,195.0,195.0,190.0,192.0,3327446,639773043,2989,+6.50
20221114,195.5,204.0,194.0,199.0,3571890,708891661,3247,+7.00
20221115,204.0,218.5,203.5,215.5,8157012,1764917349,5949,+16.50
20221116,216.5,217.0,207.0,208.5,4331245,914440641,6293,-7.00
20221117,210.0,222.0,206.5,220.5,3421667,736051451,3364,+12.00
20221118,219.5,227.0,215.0,219.0,4026124,885005792,4902,-1.50
20221121,219.5,221.5,210.0,210.5,2718261,585275597,2705,-8.50
20221122,210.0,218.5,209.0,212.0,2061820,441845705,2066,+1.50
20221123,216.5,218.5,212.0,213.0,1510368,324763691,1606,+1.00
20221124,215.0,218.0,212.5,217.0,1504024,324254461,1508,+4.00
20221125,218.0,218.5,213.0,216.5,1357862,293372812,1385,-0.50
20221128,213.5,218.0,213.5,214.5,797660,171807169,904,-2.00
20221129,214.0,218.0,212.5,218.0,980256,211435183,1060,+3.50
20221130,219.0,239.5,219.0,239.5,7019301,1642342527,5258,+21.50
20221201,246.5,254.0,237.5,238.0,4591220,1122168237,6428,-1.50
20221202,238.0,241.0,234.0,238.0,1420674,337607015,1637, 0.00
20221205,241.0,250.5,240.0,243.0,2255659,553187585,2757,+5.00
20221206,243.5,247.5,235.5,238.0,2008453,484667988,2480,-5.00
20221207,238.0,238.0,226.0,228.0,1832379,423475419,2148,-10.00
20221208,231.0,231.0,223.5,226.0,850218,192992859,998,-2.00
20221209,229.0,231.5,226.0,226.0,738051,168142223,984, 0.00
20221212,224.0,225.0,221.0,223.0,581823,129827769,751,-3.00
20221213,226.0,229.0,221.0,221.0,753319,169630594,907,-2.00
20221214,224.5,228.0,223.0,228.0,751702,170268273,840,+7.00
20221215,226.5,229.0,225.0,227.0,425374,96730506,1448,-1.00
20221216,221.0,223.0,213.5,215.0,1352939,296261089,1697,-12.00
20221219,213.5,214.0,211.0,212.0,501333,106415754,706,-3.00
20221220,211.5,214.0,198.0,199.5,1452928,296035695,1926,-12.50
20221221,203.0,203.5,198.5,199.5,703320,141051497,825, 0.00
20221222,204.0,206.5,197.5,198.0,858382,172136515,992,-1.50
20221223,196.0,202.0,192.0,201.5,575525,113514312,716,+3.50
20221226,200.5,203.0,198.5,199.5,226637,45402692,303,-2.00
20221227,199.5,202.5,199.5,201.0,226653,45638077,294,+1.50
20221228,200.0,200.0,193.5,193.5,447800,87424860,822,-7.50
20221229,190.5,195.0,188.0,193.0,508925,97322266,609,-0.50
20221230,196.0,198.0,193.5,193.5,400629,78152344,470,+0.50
20230103,194.0,196.0,191.0,195.5,340211,66137703,436,+2.00
20230104,196.0,199.0,195.5,197.0,397727,78304976,494,+1.50
20230105,199.5,201.5,199.0,199.5,477459,95583848,607,+2.50
20230106,199.5,219.0,199.0,219.0,2483118,530659839,2792,+19.50
20230109,225.0,240.0,225.0,231.0,5933106,1376053468,8821,+12.00
20230110,233.0,234.5,228.0,228.5,1580719,365401297,3706,-2.50
20230111,228.5,230.5,221.0,225.0,1394897,312664340,4193,-3.50
20230112,228.0,234.5,221.5,221.5,2691174,613792481,2525,-3.50
20230113,228.0,231.0,215.5,216.5,2358398,523192182,3191,-5.00
20230116,219.5,223.0,216.5,220.0,766345,168225201,818,+3.50
20230117,222.0,224.0,218.5,221.5,843417,187173820,977,+1.50
20230130,230.0,236.5,228.0,231.5,2293662,531729687,2460,+10.00
20230131,232.0,236.0,230.5,235.5,1636343,382440411,2199,+4.00
20230201,239.0,243.0,232.5,234.5,1797309,427130121,4390,-1.00
20230202,238.0,240.5,234.0,238.0,1333898,316457054,1493,+3.50
20230203,240.0,251.0,235.5,245.0,3530793,862043119,3915,+7.00
20230206,245.0,249.0,242.0,248.0,1721966,424179881,2122,+3.00
20230207,248.0,249.5,242.5,244.5,1275600,313202832,1721,-3.50
20230208,247.5,258.0,245.0,253.5,2955734,747540954,3129,+9.00
20230209,251.5,262.5,251.0,259.5,2498687,642394347,2659,+6.00
20230210,259.5,262.0,243.5,246.0,2774021,694226689,3557,-13.50
20230213,245.0,247.0,239.0,239.0,1431869,345577938,1619,-7.00
20230214,242.5,243.0,239.0,240.0,751156,180906172,1020,+1.00
20230215,235.0,237.5,230.0,234.0,1524727,356105016,2050,-6.00
20230216,235.5,244.0,235.5,243.0,1080361,259831810,1290,+9.00
20230217,240.0,241.0,237.0,240.0,735359,175967489,1056,-3.00
20230220,241.5,244.5,239.5,240.5,1417135,342113165,1433,+0.50
20230221,240.5,252.0,240.5,249.0,1712189,423410237,2006,+8.50
20230222,244.0,246.0,240.5,241.0,1363959,330409333,1606,-8.00
20230223,241.0,242.5,236.0,240.0,1384584,331662106,1709,-1.00
20230224,242.0,244.0,232.5,233.0,1337749,316262924,1874,-7.00
20230301,233.5,241.5,232.0,240.0,1261672,299192573,1359,+7.00
20230302,237.0,241.0,235.5,238.5,940772,224023552,1003,-1.50
20230303,240.0,250.0,240.0,245.5,1849250,453313628,2555,+7.00
20230306,248.0,256.0,246.5,250.5,2180156,548206927,2476,+5.00
20230307,251.5,251.5,245.5,246.0,855116,211709588,1261,-4.50
20230308,244.5,249.0,242.0,243.0,928222,226708196,1344,-3.00
20230309,246.5,251.5,245.0,246.5,1461376,362670905,1899,+3.50
20230310,246.0,246.0,235.5,238.0,1679434,403587008,3555,-8.50
20230313,235.0,235.5,228.0,234.0,1487343,345189265,1661,-4.00
20230314,230.0,232.5,228.0,229.5,1047550,240952413,1729,-4.50
20230315,233.0,233.5,224.0,224.5,1405866,321035312,1840,-5.00
20230316,221.5,222.5,213.5,215.5,1822163,397650444,2368,-9.00
20230317,219.0,227.5,219.0,223.5,4603419,1028846818,1784,+8.00
20230320,226.0,233.0,220.5,227.5,1597992,363719142,2343,+4.00
20230321,229.5,231.5,226.5,227.5,957735,219227708,1406, 0.00
20230322,232.0,233.0,229.0,230.0,1050325,242347992,1016,+2.50
20230323,230.0,234.5,229.5,232.5,693282,161087824,817,+2.50
20230324,234.0,235.5,231.0,234.0,842399,196634350,891,+1.50
20230327,234.0,235.5,230.5,231.0,543929,126061968,663,-3.00
20230328,232.5,232.5,225.5,227.0,553022,126147755,749,-4.00
20230329,229.5,230.5,224.0,225.5,493705,111966108,563,-1.50
20230330,228.5,230.0,224.5,229.5,566453,129003699,639,+4.00
20230331,230.0,230.0,227.0,228.0,338350,77235154,495,-1.50
20230406,227.5,228.0,224.0,225.0,381484,86011330,479,-3.00
20230407,226.5,228.0,224.5,227.0,254521,57658037,326,+2.00
20230410,229.0,234.0,228.0,233.0,697594,161333424,827,+6.00
20230411,231.0,246.0,231.0,237.0,2137466,513792279,2424,+4.00
20230412,239.0,246.0,235.0,245.5,2023849,489937352,2910,+8.50
20230413,243.5,247.0,238.0,243.0,1538680,371690933,4977,-2.50
20230414,248.5,255.0,246.0,246.0,3349351,837263522,4338,+3.00
20230417,246.0,249.0,242.0,243.5,1201496,293304917,3553,-2.50
20230418,245.5,251.0,243.0,246.5,1384567,343031821,1909,+3.00
20230419,247.0,249.0,235.5,238.0,1487623,357754480,6227,-8.50
20230420,236.0,237.0,231.5,231.5,1025593,239503231,1670,-6.50
20230421,232.5,234.5,227.0,227.0,1054458,242924816,1230,-4.50
20230424,225.0,229.0,224.0,224.5,538747,121601053,913,-2.50
20230425,225.5,225.5,213.0,215.0,1594005,347084038,2220,-9.50
20230426,214.0,218.5,211.0,218.5,640436,137508280,759,+3.50
20230427,217.0,220.5,214.0,216.5,480047,104404081,557,-2.00
20230428,219.0,223.5,215.5,215.5,1272301,276653977,1009,-1.00
20230502,216.5,221.5,214.5,221.0,522960,114444673,584,+5.50
20230503,218.5,223.0,218.5,221.0,376460,83269603,479, 0.00
20230504,220.5,221.5,219.5,220.5,270528,59658526,422,-0.50
20230505,221.0,226.5,221.0,222.0,430456,96232098,544,+1.50
20230508,224.5,225.5,217.5,218.0,503555,110873516,1285,-4.00
20230509,219.0,220.0,213.5,213.5,572830,123168435,846,-4.50
20230510,213.5,215.5,212.0,214.0,288614,61580553,356,+0.50
20230511,211.0,213.0,202.5,203.0,1253604,258507985,1794,-11.00
20230512,203.0,207.0,200.5,206.5,485680,99046783,604,+3.50
20230515,205.0,205.0,203.0,204.5,251008,51253313,363,-2.00
20230516,205.5,209.0,205.5,208.0,314996,65442055,409,+3.50
20230517,206.5,214.0,206.5,213.0,512260,107843777,653,+5.00
20230518,215.0,216.0,210.5,210.5,706427,150508537,881,-2.50
20230519,212.0,212.5,209.5,210.0,605142,127550919,729,-0.50
20230522,211.0,214.5,210.5,213.0,402392,85552920,484,+3.00
20230523,214.0,214.0,209.5,210.0,656368,138419577,817,-3.00
20230524,209.0,212.5,208.0,212.0,341169,71950141,427,+2.00
20230525,213.5,215.0,208.0,209.0,958162,201729981,1090,-3.00
20230526,211.5,222.5,211.5,215.0,2634263,572914417,2474,+6.00
20230529,218.5,228.0,217.0,224.0,2386796,530799846,2240,+9.00
20230530,226.0,228.5,220.5,228.5,1287357,289943102,2285,+4.50
20230531,228.0,229.5,225.5,228.5,836579,190180048,1955, 0.00
20230601,228.0,231.5,226.5,228.0,860619,197005131,1173,-0.50
20230602,231.0,238.0,230.0,238.0,2231034,523575081,3456,+10.00
20230605,240.0,247.0,238.0,238.5,2428794,586768865,5412,+0.50
20230606,237.5,238.0,230.0,235.0,1310357,306267051,2866,-3.50
20230607,235.5,247.0,235.5,242.5,2401807,583691700,3005,+7.50
20230608,245.5,252.5,244.0,245.0,3151242,780889923,7690,+2.50
20230609,252.0,269.5,249.5,269.5,7173445,1862403877,11005,+24.50
20230612,276.0,286.5,272.5,277.0,9403773,2628889145,20788,+7.50
20230613,279.5,281.5,268.0,270.0,5092711,1392161032,10643,-7.00
20230614,270.0,279.5,264.0,276.5,4037733,1095709857,5025,+6.50
20230615,276.5,280.5,273.5,276.0,2810471,776216275,3135,-0.50
20230616,279.5,280.5,268.0,271.5,2589211,709108518,2840,-4.50
20230619,272.5,278.5,271.0,271.5,1574312,431992622,1717, 0.00
20230620,274.5,277.0,269.0,275.0,1189338,324866618,1464,+3.50
20230621,275.0,275.0,270.5,272.0,1036560,282289366,1322,-3.00
20230626,272.0,275.5,260.5,261.5,2351189,628145314,2819,-10.50
20230627,262.0,263.0,254.0,254.5,1627788,418899052,2207,-7.00
20230628,258.5,261.0,255.0,258.5,779216,201183070,951,+4.00
20230629,257.0,266.0,257.0,259.5,1015434,265216490,1194,X0.00
20230630,261.0,266.0,257.5,261.0,716013,187661152,932,+1.50
20230703,265.0,265.0,250.5,255.0,2065411,528560317,2756,-6.00
20230704,258.0,276.5,253.5,272.5,4431041,1193941102,4435,+17.50
20230705,270.0,272.5,264.0,264.0,1767067,472563065,3777,-8.50
20230706,264.0,267.0,258.0,258.5,1154577,302817759,1530,-5.50
20230707,257.0,257.5,252.0,254.0,1154139,293612041,2021,-4.50
20230710,254.0,257.0,252.5,254.0,577008,146751506,780, 0.00
20230711,254.5,257.5,252.5,254.0,667232,169730435,843, 0.00
20230712,253.0,255.0,245.0,246.0,1436141,357528501,2174,-8.00
20230713,250.5,253.0,245.5,246.5,1044517,260632646,1233,+0.50
20230714,249.0,253.5,247.5,252.5,734742,184276147,983,+6.00
20230717,251.0,251.0,245.0,248.5,1000121,247509196,1333,-4.00
20230718,250.0,250.5,242.0,243.5,1017954,249332146,1639,-5.00
20230719,244.5,247.0,242.5,243.5,600449,146895301,773, 0.00
20230720,245.5,247.0,242.5,244.0,498048,121446378,633,+0.50
20230721,240.0,240.5,235.5,236.0,1274300,303160212,1962,-8.00
20230724,236.0,236.0,231.5,232.5,689605,160978287,1004,-3.50
20230725,233.0,246.0,233.0,241.5,1026791,247608448,1246,+9.00
20230726,241.5,242.0,229.0,230.0,1500060,349607915,2148,-11.50
20230727,230.5,233.5,228.5,232.5,775592,179355926,915,+2.50
20230728,230.0,236.5,228.5,236.5,855698,199902250,936,+4.00
20230731,240.0,240.0,230.0,230.5,1163836,271491421,1265,-6.00
20230801,230.5,235.5,226.0,228.0,1094019,250589090,1393,-2.50
20230802,228.0,228.0,218.0,218.5,1881933,416842156,2497,-9.50
20230804,218.0,218.0,214.5,216.5,1199307,259212535,1409,-2.00
20230807,216.5,221.5,215.0,220.0,591918,129698859,715,+3.50
20230808,220.0,220.0,213.0,215.0,720919,155395487,1101,-5.00
20230809,214.5,216.0,212.0,213.0,578850,123543726,801,-2.00
20230810,213.0,213.0,206.5,208.0,926652,193600610,1274,-5.00
20230811,205.5,209.0,202.0,203.5,1137483,232873887,1646,-4.50
20230814,202.5,206.0,198.0,202.5,894088,179696850,1105,-1.00
20230815,204.0,206.5,201.5,203.0,433486,87961989,609,+0.50
20230816,200.5,202.5,199.0,200.5,469412,94215766,649,-2.50
20230817,199.0,210.0,198.5,207.5,900099,184711925,1108,+7.00
20230818,205.0,209.0,203.5,204.0,697022,143647727,834,-3.50
20230821,206.0,206.0,201.5,202.5,321327,65217443,435,-1.50
20230822,204.5,205.0,202.5,203.5,283721,57834057,372,+1.00
20230823,205.0,214.0,203.5,208.0,1028505,214957115,1123,+4.50
20230824,210.5,213.5,206.0,207.5,891624,186750636,1030,-0.50
20230825,206.0,206.0,202.5,203.0,475234,96846686,609,-4.50
20230828,203.0,205.0,202.0,203.0,333948,67778148,436, 0.00
20230829,205.0,208.5,203.0,207.5,516307,106169223,525,+4.50
20230830,209.0,211.5,207.5,211.0,480600,101051632,617,+3.50
20230831,211.5,212.5,209.5,212.5,334009,70517479,375,+1.50
20230901,213.0,217.0,210.0,216.0,783429,168591525,999,+3.50
20230904,217.5,217.5,211.0,213.5,570841,121753669,646,-2.50
20230905,213.5,218.5,213.5,216.0,474717,102694865,530,+2.50
20230906,216.5,217.5,214.5,215.5,361579,78126328,394,-0.50
20230907,214.5,216.0,210.5,211.0,473811,100942978,607,-4.50
20230908,210.0,213.0,209.0,212.0,278284,58773464,364,+1.00
20230911,209.5,210.0,202.0,202.0,1011662,207327056,1307,-10.00
20230912,203.5,213.0,202.5,212.5,818833,171629125,911,+10.50
20230913,212.0,215.0,210.0,212.5,471649,100105821,1040, 0.00
20230914,213.5,216.5,213.5,215.0,500800,107715151,554,+2.50
20230915,218.0,222.0,217.0,218.0,1045044,229050623,1145,+3.00
20230918,215.5,219.0,214.0,216.0,384035,82989108,657,-2.00
20230919,217.0,218.0,210.0,210.0,610333,129802979,690,-6.00
20230920,210.0,213.5,208.5,209.5,299112,62991445,406,-0.50
20230921,209.0,209.0,204.5,205.0,508018,104543336,714,-4.50
20230922,202.5,210.5,202.5,210.5,389029,80682364,446,+5.50
20230925,211.5,214.5,210.0,211.5,335624,71128985,364,+1.00
20230926,210.0,211.5,206.0,206.5,241348,50270873,542,-5.00
20230927,206.5,211.0,205.5,206.0,595485,123352827,533,-0.50
20230928,208.0,210.0,206.5,207.5,338572,70437849,342,+1.50
20231002,209.5,214.5,208.5,212.0,670377,141841441,681,+4.50
20231003,212.0,215.5,208.5,209.0,498090,105602489,590,-3.00
20231004,208.0,208.0,205.0,206.0,398555,82132985,545,-3.00
20231005,207.5,212.0,207.5,211.0,352087,73908034,454,+5.00
20231006,212.5,217.0,212.0,215.5,942531,202810121,1034,+4.50
20231011,214.0,214.0,207.0,207.5,811890,170171437,1560,-8.00
20231012,208.5,213.0,207.5,212.5,387325,81811446,444,+5.00
20231013,210.0,214.0,210.0,212.5,292120,61994148,484, 0.00
20231016,210.0,211.0,207.0,207.5,453692,94442592,552,-5.00
20231017,208.5,214.5,208.5,208.5,579460,122290439,559,+1.00
20231018,209.0,211.5,204.0,208.0,742543,153243308,1216,-0.50
20231019,206.5,207.5,201.0,203.5,631801,128737244,948,-4.50
20231020,204.5,207.0,199.0,206.5,711518,144041334,935,+3.00
20231023,204.5,204.5,201.0,201.0,340839,69007797,557,-5.50
20231024,202.5,205.0,201.0,205.0,201143,40908733,336,+4.00
20231025,207.0,225.5,206.5,225.5,3717136,823451711,3165,+20.50
20231026,222.0,228.5,217.0,217.0,2464675,545899680,4517,-8.50
20231027,220.0,220.0,211.0,211.0,1255001,268653836,1496,-6.00
20231030,211.0,221.5,211.0,214.5,1121982,242922849,1138,+3.50
20231031,214.5,217.0,204.0,204.5,1293774,270118788,2892,-10.00
20231101,206.0,208.5,203.5,204.0,767668,157524015,840,-0.50
20231102,208.0,212.0,207.0,207.5,701885,146686137,774,+3.50
20231103,208.5,210.0,206.0,206.5,631428,131141628,1105,-1.00
20231106,208.0,213.5,207.5,212.0,788254,166187478,891,+5.50
20231107,211.5,213.5,210.0,212.5,351947,74502645,440,+0.50
20231108,213.0,215.0,211.5,211.5,332277,70572258,408,-1.00
20231109,212.0,213.5,209.0,209.5,367587,77336237,617,-2.00
20231110,208.5,213.0,208.0,208.0,479814,100410206,575,-1.50
20231113,212.0,214.5,209.5,211.0,552951,116980720,593,+3.00
20231114,212.5,217.0,211.5,214.0,826430,177354524,1118,+3.00
20231115,218.0,220.0,214.0,214.0,1063885,230011788,1562, 0.00
20231116,215.0,216.5,213.5,216.0,325724,70108273,403,+2.00
20231117,216.0,220.0,215.5,219.5,787331,171730660,906,+3.50
20231120,221.0,228.0,221.0,224.0,1958741,440780567,2132,+4.50
20231121,230.0,246.0,229.5,239.0,5369955,1294652731,5962,+15.00
20231122,242.5,250.0,239.0,248.0,4814200,1182393756,7115,+9.00
20231123,256.0,272.5,255.0,270.0,11903100,3196090703,16073,+22.00
20231124,267.5,280.0,263.0,278.5,7223302,1973996252,10424,+8.50
20231127,284.5,284.5,267.0,268.0,3835612,1048506298,3954,-10.50
20231128,266.5,275.5,264.5,269.5,3018417,814837111,9807,+1.50
20231129,272.5,296.0,270.5,296.0,9569019,2770795298,14854,+26.50
20231130,302.0,309.0,295.0,306.5,10163167,3078126044,17406,+10.50
20231201,303.0,315.5,301.5,314.5,5582630,1732235040,11141,+8.00
20231204,314.5,324.0,311.5,320.5,4530475,1445735527,6839,+6.00
20231205,318.0,322.5,310.0,314.5,4014465,1266273707,16904,-6.00
20231206,318.0,318.5,302.5,305.0,3677932,1130447083,9710,-9.50
20231207,304.5,306.0,294.0,295.5,3553678,1062328657,11051,-9.50
20231208,299.5,304.0,290.0,294.0,3188199,945226931,6997,-1.50
20231211,296.5,299.5,291.5,297.0,1856962,548579713,1842,+3.00
20231212,300.0,300.0,287.0,291.0,1940677,566249471,3958,-6.00
20231213,292.0,293.0,286.5,287.5,1111823,321023386,2107,-3.50
20231214,291.0,302.0,287.5,292.0,4038827,1187707827,4753,+4.50
20231215,297.5,304.0,292.5,297.5,3774816,1127249426,4955,+5.50
20231218,298.0,298.0,287.0,289.5,1907936,554364056,2853,-8.00
20231219,288.0,289.5,275.5,277.5,4105604,1147674942,4380,-12.00
20231220,280.5,288.5,280.0,281.5,1790610,509118528,3481,+4.00
20231221,276.5,279.5,274.0,276.5,1113880,308219956,5345,-5.00
20231222,281.0,281.5,270.0,273.0,1821271,497608522,2308,-3.50
20231225,271.0,274.0,265.5,267.5,1886426,505506341,2013,-5.50
20231226,267.5,283.0,267.5,276.0,2641993,730872918,4615,+8.50
20231227,277.5,281.0,272.5,274.0,1674201,462219864,1673,-2.00
20231228,277.0,286.0,272.5,279.0,2371910,665501732,2741,+5.00
20231229,278.0,278.0,272.5,276.5,1121498,308894905,3539,-2.50
20240102,276.5,276.5,268.0,272.0,1239467,336299114,1358,-4.50
20240103,268.0,271.0,266.5,268.0,878314,235594967,1057,-4.00
20240104,270.0,277.5,270.0,271.5,1737307,476839380,1657,+3.50
20240105,272.5,284.0,272.5,277.0,2101162,587473689,2896,+5.50
20240108,277.5,288.0,272.5,273.0,3059035,858040113,3260,-4.00
20240109,278.0,279.0,267.5,268.5,1781669,483573030,2726,-4.50
20240110,269.0,271.5,262.5,264.0,1246244,333453146,1580,-4.50
20240111,268.5,276.5,267.5,273.0,1820210,494258388,1686,+9.00
20240112,270.5,271.5,267.0,267.0,1131222,303578477,3526,-6.00
20240115,270.0,277.0,267.5,273.0,1636088,446239181,1562,+6.00
20240116,273.0,286.0,268.0,284.0,3156652,883192045,5660,+11.00
20240117,285.0,295.0,278.5,284.0,5695821,1636488561,12166, 0.00
20240118,283.5,286.0,277.0,282.0,1897603,534319376,7422,-2.00
20240119,288.5,293.5,277.0,277.0,4288171,1222236829,6038,-5.00
20240122,280.0,282.5,274.5,276.5,1864031,518598209,3931,-0.50
20240123,278.0,278.0,269.0,269.5,1828637,496698447,2636,-7.00
20240124,270.0,293.0,270.0,289.5,6400652,1828971263,6056,+20.00
20240125,293.5,296.0,280.5,281.0,4309915,1239145512,11632,-8.50
20240126,282.5,282.5,273.5,274.0,2303681,635967402,4311,-7.00
20240129,275.0,289.0,275.0,288.0,3004161,857109297,3006,+14.00
20240130,286.0,291.5,282.5,286.0,2123997,608490242,9003,-2.00
20240131,285.0,292.0,280.5,281.5,2738881,779720451,3512,-4.50
20240201,283.5,295.0,282.0,292.0,5152894,1498931940,6133,+10.50
20240202,295.0,306.0,294.0,301.0,7798981,2336376502,13333,+9.00
20240205,304.0,306.0,295.0,301.5,5116801,1537043426,8465,+0.50
20240215,305.0,308.0,292.5,304.0,5356614,1611815047,6501,+2.50
20240216,307.0,318.5,303.5,318.0,6417065,2005622518,6549,+14.00
20240219,320.0,341.0,302.0,305.5,13298475,4266821924,14550,-12.50
20240220,305.0,307.5,298.0,305.0,4877013,1470063996,17305,-0.50
20240221,304.0,311.0,299.0,299.0,3656933,1111510629,5533,-6.00
20240222,306.5,312.0,293.0,307.5,8901624,2698775501,9365,+8.50
20240223,311.0,333.0,310.5,327.5,10461172,3410127780,10335,+20.00
20240226,330.5,330.5,313.0,315.5,6079871,1938037334,15807,-12.00
20240227,316.0,319.0,297.0,301.0,6790354,2069155847,8192,-14.50
20240229,300.0,308.5,297.5,307.0,2753118,839706604,2688,+6.00
20240301,310.0,311.0,302.5,305.5,2158147,661021119,2563,-1.50
20240304,311.5,314.5,305.0,307.5,2762704,856925968,2837,+2.00
20240305,310.0,314.0,303.0,305.5,2376281,730600969,4134,-2.00
20240306,302.5,305.0,299.0,300.0,1747254,526280121,3555,-5.50
20240307,302.5,304.0,290.0,292.0,3440797,1014053920,4843,-8.00
20240308,291.0,297.5,280.5,282.5,3785252,1086412674,4765,-9.50
20240311,292.0,304.5,292.0,299.0,3888424,1161090274,3995,+16.50
20240312,296.5,299.5,291.0,293.5,3202867,942490766,7205,-5.50
20240313,296.5,296.5,283.0,284.0,2542770,731139193,3410,-9.50
20240314,284.0,287.5,278.0,283.5,1392958,394338478,1892,-0.50
20240315,286.5,287.5,282.5,283.0,1005691,285692316,1539,-0.50
20240318,286.0,297.0,283.5,295.5,1702915,497198291,2145,+12.50
20240319,295.5,296.0,288.5,289.5,1430473,416724808,6065,-6.00
20240320,298.0,303.0,291.5,298.0,4079997,1214404872,4226,+8.50
20240321,302.0,307.0,298.5,299.0,4103835,1239722878,7346,+1.00
20240322,300.0,312.0,299.5,306.5,3175227,971568813,5990,+7.50
20240325,305.0,321.0,305.0,318.0,5826135,1841069923,6707,+11.50
20240326,322.0,322.0,302.0,310.0,5383002,1671650517,32587,-8.00
20240327,308.5,313.5,307.0,307.5,1442445,446366208,3603,-2.50
20240328,310.5,313.5,300.0,300.0,2732077,831690398,4271,-7.50
20240329,302.5,306.0,298.5,302.0,1422182,428999390,1764,+2.00
20240401,305.0,311.5,304.5,310.5,2553973,789120817,3200,+8.50
20240402,311.5,314.0,306.5,309.5,2275704,706085986,8594,-1.00
20240403,307.0,310.0,303.0,307.5,1396782,427468841,5162,-2.00
20240408,310.0,312.0,302.0,307.5,1646077,505533334,3205, 0.00
20240409,308.5,310.5,303.5,306.0,1266710,387851024,4137,-1.50
20240410,307.5,317.5,307.5,314.0,3628410,1138884027,4207,+8.00
20240411,304.5,304.5,285.0,288.0,7793265,2280124492,21097,-26.00
20240412,288.0,292.5,283.0,286.0,3061278,877434872,3488,-2.00
20240415,283.0,286.0,275.0,275.5,2937055,819256723,4156,-10.50
20240416,268.5,275.0,262.5,266.5,2682873,716340896,3968,-9.00
20240417,267.5,270.5,266.5,269.0,1363972,366276568,1693,+2.50
20240418,264.0,269.0,264.0,266.0,883126,235452201,1196,-3.00
20240419,262.0,262.5,246.5,253.5,2905801,740705095,3852,-12.50
20240422,253.0,261.5,252.5,254.5,1265426,325169015,1504,+1.00
20240423,258.0,260.0,255.5,258.0,594980,153308559,1582,+3.50
20240424,259.5,265.0,259.5,265.0,903228,237895818,1218,+7.00
20240425,263.5,264.5,260.5,261.5,363331,95258117,516,-3.50
20240426,264.0,270.0,264.0,268.0,1032086,276723409,1142,+6.50
20240429,268.0,273.0,268.0,273.0,656955,178299796,1057,+5.00
20240430,273.0,273.0,269.5,272.5,533935,144731630,879,-0.50
20240502,271.5,272.5,266.5,272.5,619743,167542364,725, 0.00
20240503,276.0,278.0,270.0,270.0,768057,210338467,971,-2.50
20240506,274.0,278.0,271.5,272.0,872750,240164766,1168,+2.00
20240507,274.0,276.5,268.0,270.0,568940,153693739,1373,-2.00
20240508,270.0,272.5,268.0,272.5,352494,95509263,503,+2.50
20240509,273.5,273.5,262.5,263.0,682181,181657068,1315,-9.50
20240510,264.0,266.0,257.0,259.0,995971,258582928,1490,-4.00
20240513,253.0,255.0,249.0,253.5,1213164,306010585,1861,-5.50
20240514,254.0,259.0,254.0,258.5,494682,127213075,733,+5.00
20240515,259.0,267.5,259.0,265.0,922548,243067155,1219,+6.50
20240516,268.5,275.0,268.5,270.5,1447396,393025300,2496,+5.50
20240517,272.5,273.0,266.0,268.0,560139,150260046,1886,-2.50
20240520,269.0,271.5,263.0,263.0,595334,158751041,928,-5.00
20240521,262.5,266.0,259.5,260.0,482745,126120680,685,-3.00
20240522,262.5,281.0,262.0,279.0,2379799,653003747,2678,+19.00
20240523,279.0,283.5,274.0,276.0,2501149,696512798,3253,-3.00
20240524,273.0,284.0,270.0,278.0,1789997,501136867,2595,+2.00
20240527,279.0,282.5,278.5,279.5,1101172,308528928,2302,+1.50
20240528,281.5,286.0,280.0,283.5,1181779,334904844,4551,+4.00
20240529,282.0,285.5,278.5,278.5,774825,217673883,2442,-5.00
20240530,278.0,281.5,275.0,275.0,551939,153124577,1753,-3.50
20240531,279.0,283.0,275.0,276.0,677691,188484172,1481,+1.00
20240603,278.0,287.5,278.0,281.0,1215788,343959080,1762,+5.00
20240604,281.0,308.0,281.0,306.0,6845295,2058834497,7522,+25.00
20240605,307.0,314.0,301.0,311.5,4508506,1391987838,11689,+5.50
20240606,311.5,317.5,304.0,307.5,2596653,805466818,12822,-4.00
20240607,307.5,313.0,302.0,313.0,2274376,701026439,8563,+5.50
20240611,316.0,318.5,306.0,309.0,3860372,1210455681,20925,-4.00
20240612,310.0,314.5,304.0,311.0,2377846,738944733,17265,+2.00
20240613,313.0,342.0,312.0,340.0,13749065,4562129839,19621,+29.00
20240614,346.0,373.0,338.5,343.5,15025296,5351948693,16370,+3.50
20240617,350.5,351.0,332.5,335.0,5611306,1920342575,6836,-8.50
20240618,337.0,352.0,336.0,344.5,5093124,1754231472,5359,+9.50
20240619,346.0,346.0,333.5,333.5,3875992,1310940492,4639,-11.00
20240620,336.5,356.0,336.0,355.0,4963838,1726028465,5773,+21.50
20240621,351.0,365.0,348.0,357.0,5660040,2021890518,5486,+2.00
20240624,360.5,360.5,340.0,340.5,3165968,1099200291,4034,-16.50
20240625,340.5,346.5,330.0,346.0,2434857,824874720,2934,+5.50
20240626,350.0,359.5,347.0,355.0,3508528,1241728836,3692,+9.00
20240627,356.0,357.5,347.0,348.0,1683614,590245739,2137,-7.00
20240628,350.0,355.5,348.0,348.0,1415529,497263086,1705, 0.00
20240701,353.0,359.5,348.0,348.0,1880886,663803324,2073, 0.00
20240702,347.5,351.5,341.0,342.0,1573888,542371071,2138,X0.00
20240703,346.0,349.0,341.0,345.5,984375,338967571,1264,+3.50
20240704,349.0,357.5,349.0,353.0,3335390,1180283434,3553,+7.50
20240705,352.0,370.0,352.0,366.0,4665327,1692171008,5208,+13.00
20240708,370.0,383.0,355.0,373.0,6750994,2512196599,7307,+7.00
20240709,380.0,387.5,362.0,364.0,5551078,2071136032,6123,-9.00
20240710,365.5,370.0,360.0,369.5,2298573,839957726,2769,+5.50
20240711,375.5,379.0,368.0,374.5,4314675,1610717719,4393,+5.00
20240712,365.5,367.5,347.0,349.5,5733719,2046900561,7598,-25.00
20240715,354.5,355.0,343.0,346.0,2304418,800230826,2721,-3.50
20240716,349.5,352.5,343.0,347.5,1402059,486088371,1831,+1.50
20240717,349.0,352.0,338.5,343.5,2379492,815790284,2589,-4.00
20240718,331.0,336.0,328.0,334.0,2158153,715091884,2944,-9.50
20240719,333.0,334.0,320.5,323.0,2123455,691967069,2831,-11.00
20240722,322.0,322.5,307.0,311.0,2288742,714665619,4931,-12.00
20240723,318.5,320.0,315.0,320.0,1341991,427501488,4714,+9.00
20240726,304.0,318.0,303.0,316.0,1080940,336792968,1771,-4.00
20240729,319.0,322.0,313.0,315.0,1283514,407769350,1414,-1.00
20240730,310.0,317.5,305.5,316.0,1345050,418763191,3996,+1.00
20240731,313.0,329.0,310.5,327.5,1498888,485299269,2316,+11.50
20240801,334.0,337.5,328.0,337.5,1908615,637948264,2150,+10.00
20240802,322.5,323.5,304.0,304.0,3901894,1213263116,5053,-33.50
20240805,281.0,286.5,274.0,274.0,2131681,588344801,3179,-30.00
20240806,280.0,282.5,248.5,265.0,4101894,1083890726,4226,-9.00
20240807,270.0,281.5,267.0,278.5,1669011,463056573,2834,+13.50
20240808,265.5,278.5,265.5,270.5,1391363,379236656,2455,-8.00
20240809,280.0,285.0,278.5,282.0,1371704,386511232,1546,+11.50
20240812,283.5,293.0,283.5,290.5,1283603,371286380,1785,+8.50
20240813,294.5,294.5,286.5,290.0,825361,239513015,1464,-0.50
20240814,296.0,297.5,292.5,295.0,1067905,314934513,2970,+5.00
20240815,295.5,296.5,289.0,290.0,783207,228346879,4915,-5.00
20240816,298.0,299.0,291.5,293.0,1037286,305663761,1113,+3.00
20240819,295.5,303.5,291.0,297.0,1088716,324271331,1231,+4.00
20240820,302.0,306.0,299.5,301.0,1101120,333657824,3565,+4.00
20240821,301.0,301.5,291.5,295.0,833981,246442298,1599,-6.00
20240822,298.0,298.0,288.0,288.5,1166181,339413609,1391,-6.50
20240823,286.5,294.0,282.5,294.0,854961,246748595,1063,+5.50
20240826,302.0,317.5,298.5,306.5,3620080,1119847428,4159,+12.50
20240827,309.0,309.0,302.5,306.5,1688356,514332710,4060, 0.00
20240828,308.0,308.5,299.5,301.5,1820856,551223914,1884,-5.00
20240829,298.0,313.5,298.0,311.0,1594033,490429577,2218,+9.50
20240830,314.5,316.0,306.0,309.0,1455287,451459492,3249,-2.00
20240902,315.0,315.0,303.5,304.0,1109174,341406626,1318,-5.00
20240903,306.5,307.0,298.0,298.0,730037,219773452,1077,-6.00
20240904,280.5,284.0,272.5,279.0,1766314,494068922,2598,-19.00
20240905,283.0,293.5,281.5,284.0,1253825,360509257,1625,+5.00
20240906,286.0,287.5,280.5,281.0,827549,234032051,1088,-3.00
20240909,273.0,281.5,273.0,281.0,832960,231103719,2037, 0.00
20240910,283.5,284.5,272.5,274.5,795343,220873367,1124,-6.50
20240911,279.5,281.5,275.5,275.5,545779,151857841,742,+1.00
20240912,283.5,292.5,282.0,289.5,1216358,349987920,1727,+14.00
20240913,287.0,290.5,284.5,287.5,518973,148934812,895,-2.00
20240916,289.5,289.5,281.0,282.5,848134,240651472,1089,-5.00
20240918,284.0,285.5,281.0,282.0,501928,141958085,670,-0.50
20240919,288.0,292.0,284.5,290.5,1314440,379399705,1461,+8.50
20240920,294.5,296.5,283.0,285.0,1501224,432975665,1835,-5.50
20240923,285.0,298.5,285.0,293.0,1535300,451356110,1969,+8.00
20240924,290.5,294.5,282.0,285.0,1355954,387347392,2164,-8.00
20240925,289.5,295.0,289.0,290.0,1799837,523526371,1613,+5.00
20240926,292.0,293.0,289.0,290.0,681272,198262440,4338, 0.00
20240927,292.5,306.5,291.5,294.5,2815673,841684877,3021,+4.50
20240930,290.5,294.5,286.5,290.0,849136,246159477,2190,-4.50
20241001,293.0,293.0,286.5,288.0,508156,146531897,1368,-2.00
20241004,290.0,290.0,281.0,282.0,959986,272134848,1324,-6.00
20241007,288.5,294.0,285.5,290.0,849118,246654345,950,+8.00
20241008,288.0,289.0,283.0,285.5,587699,167637022,2777,-4.50
20241009,289.5,294.0,286.5,286.5,838738,242883838,932,+1.00
20241011,288.0,291.5,287.0,287.5,462816,133753546,2332,+1.00
20241014,288.5,293.5,287.0,293.0,637025,185244108,1975,+5.50
20241015,295.5,305.0,294.0,302.0,2012067,605154069,2972,+9.00
20241016,298.0,300.5,293.5,295.0,1263868,374440018,13649,-7.00
20241017,298.5,304.5,296.0,298.5,920725,275735215,2740,+3.50
20241018,304.5,307.5,291.0,291.0,1509199,449946705,2042,-7.50
20241021,293.0,302.0,293.0,300.0,1320626,395116366,1638,+9.00
20241022,299.0,301.5,297.0,301.5,584402,175276087,4529,+1.50
20241023,301.5,301.5,294.5,296.5,606782,180457735,4769,-5.00
20241024,297.0,297.5,291.0,291.0,780729,228816980,1706,-5.50
20241025,290.5,295.0,289.5,290.0,602783,175286452,1056,-1.00
20241028,290.0,293.0,282.5,289.0,674462,193797142,960,-1.00
20241029,288.0,288.5,279.0,282.0,961981,271567205,1770,-7.00
20241030,284.0,286.0,279.0,281.0,350287,98871367,582,-1.00
20241101,274.0,285.0,274.0,285.0,654234,183736956,1016,+4.00
20241104,287.0,288.5,276.5,277.0,1198328,335575950,2624,-8.00
20241105,275.0,279.0,271.0,275.0,1250160,343379657,1633,-2.00
20241106,275.5,289.0,275.5,281.0,1248733,353975158,1358,+6.00
20241107,283.5,289.0,283.5,287.0,668846,191571119,2629,+6.00
20241108,288.0,290.0,283.0,283.5,604938,172895311,4298,-3.50
20241111,282.0,290.0,282.0,289.0,690302,197981173,855,+5.50
20241112,287.0,287.5,282.0,282.5,598868,170041245,2265,-6.50
20241113,281.5,284.0,280.0,280.0,394063,111066549,612,-2.50
20241114,280.0,283.0,270.0,270.5,1580788,432591566,2371,-9.50
20241115,272.0,280.5,272.0,274.0,643804,177637799,778,+3.50
20241118,274.0,274.0,262.0,262.0,1162507,307885226,1940,-12.00
20241119,265.0,269.0,261.0,266.0,799402,211917772,994,+4.00
20241120,266.0,270.5,263.0,264.0,562136,149177200,1071,-2.00
20241121,262.5,270.0,261.0,269.5,626090,167360906,757,+5.50
20241122,271.5,278.5,271.5,274.0,841847,231947660,1165,+4.50
20241125,276.0,278.0,274.5,277.5,414384,114519175,576,+3.50
20241126,274.5,276.5,272.0,272.0,373305,102082861,685,-5.50
20241127,272.5,272.5,265.5,266.0,566578,152077249,922,-6.00
20241128,266.0,269.0,255.5,259.5,905123,234919110,1433,-6.50
20241129,258.0,264.5,255.0,262.5,476858,124516765,1109,+3.00
20241202,265.5,268.0,263.5,263.5,451445,119819368,1247,+1.00
20241203,266.0,268.0,262.0,265.0,508114,134633732,720,+1.50
20241204,266.0,275.0,266.0,275.0,761793,206734697,1178,+10.00
20241205,276.5,283.0,274.0,275.0,838970,232901671,3016, 0.00
20241206,277.0,277.0,271.0,273.0,453182,123828557,1138,-2.00
20241209,273.5,277.5,269.0,270.5,403334,109753139,555,-2.50
20241210,271.0,274.5,270.0,270.5,259604,70471376,1066, 0.00
20241211,270.0,271.0,265.5,266.5,589171,157769836,918,-4.00
20241212,268.5,275.5,268.5,269.0,672874,183239628,1306,+2.50
20241213,269.0,271.5,263.0,265.0,511803,136150338,2343,-4.00
20241216,267.0,274.0,263.5,264.0,922962,247934369,1247,-1.00
20241217,265.0,274.0,264.5,271.0,975150,264267042,1641,+7.00
20241218,270.0,288.0,267.5,287.0,1964050,549717904,2502,+16.00
20241219,280.0,287.0,279.5,286.5,1315836,373449279,5820,-0.50
20241220,285.0,296.5,281.5,281.5,2661096,770748226,9219,-5.00
20241223,285.0,290.5,283.0,288.0,878372,251979831,3624,+6.50
20241224,291.5,292.0,285.0,287.5,618178,178269508,4011,-0.50
20241225,288.0,293.5,287.5,293.0,898561,261057498,2548,+5.50
20241226,296.0,297.5,292.0,294.0,829558,243688646,3113,+1.00
20241227,294.5,295.5,287.5,290.0,640412,186313838,2276,-4.00
20241230,289.5,293.0,284.0,286.5,796434,229508883,3965,-3.50
20241231,289.5,315.0,288.0,307.5,3449059,1048253476,6029,+21.00
20250102,308.5,322.0,306.5,309.0,7417776,2324622778,23060,+1.50
20250103,311.0,316.5,308.0,309.5,2939790,919065272,6508,+0.50
20250106,314.0,334.5,311.0,330.5,6357014,2070190773,12598,+21.00
20250107,337.5,360.0,337.0,339.5,13588741,4705923293,14077,+9.00
20250108,337.0,342.5,328.0,331.5,4904491,1638809364,18584,-8.00
20250109,330.5,334.0,317.5,317.5,3721473,1209367470,14766,-14.00
20250110,318.0,322.5,314.0,320.0,2150296,684173908,15739,+2.50
20250113,317.5,319.5,301.0,304.5,2577655,794032139,4749,-15.50
20250114,304.5,311.5,303.5,310.5,1469787,451511912,5969,+6.00
20250115,309.0,328.0,309.0,312.0,4852658,1540429363,6358,+1.50
20250116,320.5,331.5,316.5,328.0,6263983,2034387023,7100,+16.00
20250117,326.0,326.5,316.5,317.5,2813421,903225323,4440,-10.50
20250120,323.0,332.5,320.5,329.0,4203898,1372579766,5338,+11.50
20250121,327.0,331.0,322.5,327.5,1988416,649032419,5658,-1.50
20250122,328.0,333.0,325.0,327.5,2575893,845620853,3631, 0.00
20250203,312.0,314.5,297.5,308.5,3411168,1044673509,4950,-19.00
20250204,308.5,310.0,292.0,304.5,2318461,700676885,3405,-4.00
20250205,302.5,311.0,302.5,307.0,1040627,320572317,2693,+2.50
20250206,309.0,313.0,302.5,306.0,1443772,443576991,2555,-1.00
20250207,308.0,323.5,307.0,319.0,2068423,653851710,3421,+13.00
20250210,316.0,326.0,311.0,324.0,1796336,570906239,3303,+5.00
20250211,318.0,324.5,314.0,319.0,2264314,720821508,3630,-5.00
20250212,319.0,327.0,314.0,314.0,1851085,591913601,5904,-5.00
20250213,319.0,324.5,315.0,315.5,1836731,585830829,6499,+1.50
20250214,316.0,318.0,308.5,309.5,1281127,399298163,4456,-6.00
20250217,311.0,323.0,310.5,316.5,1490927,474513430,2096,+7.00
20250218,320.0,339.0,316.5,334.0,4762263,1578946073,6794,+17.50
20250219,333.5,343.0,325.0,327.5,5987657,1993478225,12064,-6.50
20250220,329.5,333.0,311.5,312.0,5933787,1878088524,7100,-15.50
20250221,311.0,320.5,305.0,309.0,6438801,1996553487,7103,-3.00
20250224,304.5,305.0,298.0,300.5,2788948,839581723,5260,-8.50
20250225,298.5,301.0,295.5,297.5,1669744,498154364,2660,-3.00
20250226,296.0,299.0,294.5,295.0,1985948,588333396,2957,-2.50
20250227,298.0,300.0,289.0,289.5,2583986,755400472,3897,-5.50
20250303,283.5,285.0,277.0,278.0,2319404,649027254,3970,-11.50
20250304,274.5,280.0,269.0,277.5,2522116,693226863,3256,-0.50
20250305,281.0,282.5,278.0,279.5,1329887,372664831,2388,+2.00
20250306,280.0,282.0,274.5,274.5,1163746,322131234,2193,-5.00
20250307,273.0,276.0,269.5,270.0,1166891,316904608,1963,-4.50
20250310,273.0,273.0,267.5,267.5,1054874,284091739,1674,-2.50
20250311,256.0,257.5,251.0,256.5,2757618,701303283,3976,-11.00
20250312,259.0,262.0,256.5,257.0,1138062,294922939,2689,+0.50
20250313,260.5,264.5,253.5,255.0,1418499,367738979,2931,-2.00
20250314,254.5,257.5,252.0,257.5,741752,189385728,1432,+2.50
20250317,259.5,261.5,256.5,256.5,541400,140144732,1232,-1.00
20250318,260.0,261.5,257.0,259.5,578164,149835120,1334,+3.00
20250319,259.5,259.5,252.5,252.5,1067988,272011012,1616,-7.00
20250320,257.0,260.0,255.0,258.5,742679,191335348,982,+6.00
20250321,258.0,259.0,255.0,259.0,614338,157973368,886,+0.50
20250324,257.5,259.5,252.0,254.0,739349,188416947,1382,-5.00
20250325,258.0,260.0,254.5,257.0,485133,124535742,712,+3.00
20250326,258.0,260.5,256.0,256.5,653255,168380470,1008,-0.50
20250327,254.0,254.0,250.5,251.5,623631,156791823,1095,-5.00
20250328,250.0,250.0,235.0,236.5,2503484,601172317,3445,-15.00
20250331,226.5,229.5,216.5,218.5,2250756,499482748,3208,-18.00
20250401,223.0,229.5,220.5,229.0,922538,208341240,1365,+10.50
20250402,232.5,232.5,226.5,227.5,611166,139507179,931,-1.50
20250407,205.0,205.0,205.0,205.0,95422,19561510,498,-22.50
20250408,184.5,190.5,184.5,184.5,2368929,440031736,2963,-20.50
20250409,175.5,181.0,166.5,166.5,3713589,635810017,4039,-18.00
20250410,183.0,183.0,183.0,183.0,350995,64232085,342,+16.50
20250411,175.0,189.5,169.0,189.0,1864655,339029804,2795,+6.00
20250414,193.0,198.5,190.5,194.0,1530008,297125855,1973,+5.00
20250415,195.5,202.0,192.5,202.0,1279666,254514538,1449,+8.00
20250416,197.5,198.5,191.5,192.0,1066030,207426084,6766,-10.00
20250417,190.5,196.5,187.5,194.0,805447,154960279,916,+2.00
20250418,193.5,197.0,192.5,194.0,566091,110296092,605, 0.00
20250421,192.0,193.5,187.5,187.5,672035,127107411,792,-6.50
20250422,185.5,190.0,184.0,185.0,908808,169765986,953,-2.50
20250423,192.0,195.0,192.0,192.5,946562,182809457,896,+7.50
20250424,196.5,198.5,192.5,192.5,804277,156640143,805, 0.00
20250425,199.0,201.0,197.5,199.0,989723,197217432,1155,+6.50
20250428,200.5,202.5,199.5,201.0,497447,99993873,673,+2.00
20250429,201.0,205.5,200.5,204.5,715086,145686851,957,+3.50
20250430,204.5,205.0,201.0,201.0,589458,119457591,754,-3.50
20250502,206.5,209.5,206.0,206.0,633955,131458502,860,+5.00
20250505,208.0,210.0,194.0,198.5,961653,192209217,1364,-7.50
20250506,204.0,215.0,203.5,208.5,2138051,448736356,3602,+10.00
20250507,207.5,214.0,205.5,206.0,912653,189373479,1410,-2.50
20250508,209.5,212.0,208.0,208.5,688271,144333896,803,+2.50
20250509,207.0,207.5,199.0,205.0,1428679,289670956,1585,-3.50
20250512,206.5,214.5,206.5,212.5,963514,203788499,1224,+7.50
20250513,220.5,221.0,214.0,215.5,1148786,250288545,1517,+3.00
20250514,218.0,220.5,217.5,219.0,940058,205675046,2954,+3.50
20250515,219.0,219.0,215.0,216.0,642850,139176881,843,-3.00
20250516,217.5,228.0,217.5,225.0,1680141,375492988,1957,+9.00
20250519,223.5,225.0,218.5,219.0,1033917,228190273,2121,-6.00
20250520,221.0,224.5,217.5,220.0,929965,205495712,1091,+1.00
20250521,220.0,224.0,219.5,224.0,525770,116619066,679,+4.00
20250522,222.0,222.0,217.5,219.5,627177,137381524,901,-4.50
20250523,223.5,225.5,219.0,219.5,627900,139203949,742, 0.00
20250526,219.5,219.5,215.0,217.0,577925,125388940,730,-2.50
20250527,219.5,220.0,211.0,212.0,766523,163956714,1073,-5.00
20250528,215.0,217.0,212.5,214.5,482157,103551697,583,+2.50
20250529,218.0,218.0,213.5,214.0,318558,68519263,479,-0.50
20250602,209.5,209.5,201.5,203.0,1030533,210588734,1383,-11.00
20250603,203.5,205.5,202.0,204.0,473984,96696328,626,+1.00
20250604,207.0,212.0,206.0,209.5,520856,109198489,718,+5.50
20250605,209.5,212.0,208.0,208.0,274562,57581923,2200,-1.50
20250606,208.5,212.0,207.0,212.0,348811,73464451,563,+4.00
20250609,214.0,214.0,209.0,211.5,313069,66091460,456,-0.50
20250610,212.5,223.5,212.5,222.5,1419560,312172894,1786,+11.00
20250611,216.5,218.0,210.0,213.0,2928978,623962495,3650,-9.50
20250612,212.5,214.0,210.5,211.5,756016,160545594,966,-1.50
20250613,210.0,210.0,203.5,203.5,1306825,268774436,1821,-8.00
20250616,201.0,205.0,198.5,204.5,754846,152982463,874,+1.00
20250617,206.0,213.0,206.0,210.5,934969,196098030,2846,+6.00
20250618,210.5,220.0,210.5,218.0,2383926,517048518,2719,+7.50
20250619,220.5,221.0,213.0,213.5,1423262,307113440,1923,-4.50
20250620,214.0,216.5,207.0,210.5,1116419,234849400,1475,-3.00
20250623,206.5,214.5,204.0,212.5,887014,186069542,1164,+2.00
20250624,215.5,223.5,215.5,223.0,2362037,520946555,2779,+10.50
20250625,226.0,226.0,222.0,223.5,1220021,272838513,1431,+0.50
20250626,225.5,239.0,225.5,230.0,3692656,858522284,4303,+6.50
20250627,228.5,235.5,224.0,233.0,1969473,451569510,2210,X0.00
20250630,237.0,245.0,231.5,231.5,3221050,766281070,3471,-1.50
20250701,232.5,234.5,227.0,228.5,1580500,364839635,2110,-3.00
20250702,227.5,230.5,226.5,227.5,890078,203029862,1231,-1.00
20250703,229.5,231.0,225.5,226.5,1006680,229607041,1157,-1.00
20250704,226.5,228.0,221.0,224.5,977001,218641533,1379,-2.00
20250707,221.5,223.0,217.0,220.0,688343,151675817,952,-4.50
20250708,219.0,224.5,217.0,223.5,722261,160099449,936,+3.50
20250709,223.5,228.0,221.5,226.0,666727,150530582,899,+2.50
20250710,226.5,229.0,225.5,226.0,528649,119611542,1555, 0.00
20250711,223.5,229.0,223.0,228.5,586337,132639971,821,+2.50
20250714,229.0,229.0,220.5,221.0,769782,171934804,1241,-7.50
20250715,220.5,226.5,220.5,226.0,596892,134052831,764,+5.00
20250716,226.0,236.5,225.0,232.0,1777873,412247787,2064,+6.00
20250717,237.5,237.5,231.0,236.5,1632866,383963317,2173,+4.50
20250718,240.0,240.0,232.0,233.0,1507282,354156922,2179,-3.50
20250721,235.5,235.5,230.5,233.0,583808,136026930,806, 0.00
20250722,233.0,233.0,224.0,225.5,1349340,307151012,2024,-7.50
20250723,225.5,231.0,225.5,228.5,551439,125700898,757,+3.00
20250724,229.5,232.5,227.5,231.5,517960,119425542,756,+3.00
20250725,229.5,236.0,229.5,232.0,906720,211581995,1207,+0.50
20250728,234.5,235.0,230.0,231.5,600687,139851228,1247,-0.50
20250729,233.5,235.0,225.0,226.0,876544,200405327,1453,-5.50
20250730,228.0,228.0,222.0,224.0,551635,123788470,902,-2.00
20250731,223.0,226.5,222.0,224.0,692788,155071897,853, 0.00
20250801,220.0,236.5,216.5,234.0,1601894,368025291,2563,+10.00
20250804,232.0,239.0,231.5,232.5,1276399,299730102,3109,-1.50
20250805,235.5,237.5,232.5,232.5,830697,195159935,1845, 0.00
20250806,232.0,232.0,223.5,226.0,923694,209475241,1687,-6.50
20250807,229.0,242.0,229.0,238.0,2626905,623931522,3205,+12.00
20250808,241.5,241.5,232.0,234.0,2014787,473891166,6000,-4.00
20250811,230.5,232.0,226.0,231.5,1365734,313485096,2551,-2.50
20250812,232.0,251.5,229.5,244.5,3707552,906412122,4914,+13.00
20250813,248.0,248.0,236.0,240.5,2298438,556168665,11953,-4.00
20250814,242.5,243.5,236.5,241.5,1442820,347482519,2676,+1.00
20250815,241.0,242.5,238.0,239.0,1275170,305616370,2601,-2.50
20250818,241.0,249.0,239.5,247.5,2333325,571376215,4276,+8.50
20250819,253.0,272.0,248.0,262.0,8367933,2210982232,12325,+14.50
20250820,256.0,258.5,239.5,239.5,4228272,1043308871,19074,-22.50
20250821,242.0,245.0,236.5,240.0,2418121,579617625,4791,+0.50
20250822,240.0,242.5,233.5,239.5,1377499,327484628,1868,-0.50
20250825,245.5,249.5,243.5,244.0,2152934,530692435,4055,+4.50
20250826,244.0,252.5,241.5,251.0,1934647,482259212,6456,+7.00
20250827,253.0,257.0,251.0,253.5,1494856,379317308,3312,+2.50
20250828,259.0,268.0,257.5,264.0,5454373,1431741960,7065,+10.50
20250829,264.0,268.0,260.0,264.0,2210719,580359586,8913, 0.00
20250901,263.0,275.0,260.5,267.0,4046309,1088079215,5038,+3.00
20250902,271.5,276.0,265.5,270.0,3826383,1036389124,16862,+3.00
20250903,267.5,270.0,265.5,270.0,2422699,648530165,13229, 0.00
20250904,286.0,293.0,270.5,271.0,8522348,2405962683,14094,+1.00
20250905,279.0,298.0,276.5,298.0,10093537,2945710738,16502,+27.00
20250908,310.0,326.5,302.5,323.0,15123489,4780494815,36668,+25.00
20250909,324.5,324.5,312.0,316.0,7230781,2291766478,21317,-7.00
20250910,318.5,320.5,306.0,306.0,6909339,2152515099,21660,-10.00
20250911,310.0,316.0,296.0,297.0,7513002,2288206135,13161,-9.00
20250912,301.0,303.5,293.5,295.5,3289499,979478735,17143,-1.50
20250915,296.0,296.0,287.0,291.0,3342571,974675379,6194,-4.50
20250916,295.0,303.0,290.5,301.5,3731648,1107249846,6229,+10.50
20250917,305.0,306.0,291.5,296.5,4455650,1323754034,5442,-5.00
20250918,299.0,307.0,299.0,300.0,3889900,1178875676,4223,+3.50
20250919,300.5,307.0,298.0,307.0,3389148,1029845140,10809,+7.00
20250922,310.0,314.0,303.5,311.5,3984869,1233806326,9044,+4.50
20250923,315.0,315.0,302.0,305.5,3701710,1136903256,6180,-6.00
20250924,307.0,307.5,297.0,301.0,2514527,755349631,6002,-4.50
20250925,301.0,305.0,294.5,296.0,2194269,652968621,4822,-5.00
20250926,295.0,295.0,278.5,281.0,4483214,1270653235,6998,-15.00
20250930,283.0,283.0,275.5,280.0,2314859,644579246,5985,-1.00
20251001,283.5,285.0,277.5,277.5,1332814,373646137,2722,-2.50
20251002,281.0,283.5,275.0,275.0,1756121,488190457,2678,-2.50
20251003,276.5,277.0,272.5,272.5,1580471,432890267,2965,-2.50
20251007,274.5,275.5,270.0,271.5,1971238,537842698,2427,-1.00
20251008,269.5,273.5,265.0,271.5,2468075,666531982,3291, 0.00
20251009,274.0,274.0,267.0,270.0,1935208,521104703,2809,-1.50
20251013,252.0,260.5,252.0,255.5,3205281,817905523,4953,-14.50
20251014,258.5,263.0,246.0,248.5,2318488,588021408,3935,-7.00
20251015,251.0,251.0,245.5,247.0,1352188,334140827,2018,-1.50
20251016,248.5,256.0,248.0,250.0,1496287,376664082,2220,+3.00
20251017,248.5,250.5,247.0,247.5,869535,215842474,2952,-2.50
20251020,249.5,252.5,248.5,248.5,1882616,470821011,1889,+1.00
20251021,251.0,254.5,247.5,248.0,2210010,555201825,2117,-0.50
20251022,248.0,248.0,244.0,247.0,1244076,306580631,2746,-1.00
20251023,244.5,246.5,243.5,244.5,846670,207195416,1454,-2.50
20251027,247.5,248.5,242.0,244.0,1468332,358799061,2097,-0.50
20251028,246.0,249.0,242.0,248.0,1156813,284118948,2550,+4.00
20251029,248.0,251.0,246.0,249.5,937838,233198649,1927,+1.50
20251030,251.0,251.0,244.5,246.5,1007010,249430519,1303,-3.00
20251031,248.5,258.5,248.5,258.0,2486023,634281561,3652,+11.50
20251103,256.5,264.0,255.0,257.0,2208052,572597372,4066,-1.00
20251104,257.5,258.5,249.0,250.0,1355498,342629086,2207,-7.00
20251105,244.5,247.0,239.5,242.5,1710268,414599520,2378,-7.50
20251106,244.0,246.0,242.0,245.0,652687,159361370,1675,+2.50
20251107,241.0,244.0,239.0,242.5,1059428,255665053,1528,-2.50
20251110,244.5,245.0,236.0,240.0,1132528,270226232,1910,-2.50
20251111,241.0,247.0,240.5,241.5,686912,167138246,1881,+1.50
20251112,241.5,244.0,238.5,241.0,717898,172479081,2375,-0.50
20251113,241.0,248.0,238.5,247.5,1079208,261157668,1244,+6.50
20251114,243.5,248.5,241.5,242.0,922585,225296055,1587,-5.50
20251117,243.5,245.0,238.5,240.5,802199,193157318,1200,-1.50
20251118,238.0,239.5,227.5,229.5,1871195,434414787,2472,-11.00
20251119,229.5,233.0,228.5,230.5,678677,156411866,1007,+1.00
20251120,235.0,241.0,234.0,239.0,862990,205186908,1603,+8.50
20251121,233.0,234.5,225.0,226.0,1011025,231188790,3998,-13.00
20251124,229.0,231.5,227.0,231.0,748076,171584645,944,+5.00
20251125,234.0,239.5,234.0,238.0,751498,177747954,2717,+7.00
20251126,241.0,246.5,240.5,243.5,1084646,264046293,3341,+5.50
20251127,244.0,247.0,242.0,245.0,677786,166101768,2174,+1.50
20251128,243.5,267.0,243.5,263.0,2693305,698130231,4514,+18.00
20251201,262.5,275.0,261.5,262.0,3684293,982937047,11674,-1.00
20251202,263.5,266.0,258.0,261.0,1210855,316666408,2659,-1.00
20251203,265.0,275.5,261.0,266.0,2696418,725013076,15332,+5.00
20251204,267.0,279.5,264.5,270.0,2937534,799522300,9061,+4.00
20251205,272.0,273.0,265.0,268.0,1217413,325963476,8742,-2.00
20251208,269.0,270.5,265.5,268.0,818951,219020945,1750, 0.00
20251209,267.0,273.5,266.5,268.5,739319,198870589,3610,+0.50
20251210,268.0,275.0,268.0,270.5,1016522,275891889,2548,+2.00
20251211,271.5,279.0,269.5,270.0,1993710,547206191,3529,-0.50
20251212,271.0,271.5,266.5,266.5,1247389,334966434,4792,-3.50
20251215,261.5,268.0,259.0,268.0,703793,185576405,2744,+1.50
20251216,265.0,268.0,256.5,265.0,1166958,305791022,10844,-3.00
20251217,266.5,269.0,260.0,261.0,686716,181252481,5425,-4.00
20251218,259.5,262.5,255.0,257.0,897530,231079987,7233,-4.00
20251219,259.5,267.5,259.5,265.0,722918,190486236,1296,+8.00
20251222,268.0,275.0,268.0,272.5,1080311,294438898,1906,+7.50
20251223,275.0,278.5,269.5,277.5,1511226,415057868,3196,+5.00
20251224,280.0,280.0,272.0,274.5,1412050,387436372,11112,-3.00
20251226,274.0,277.0,271.0,276.0,1095384,300805984,2034,+1.50
20251229,279.0,292.5,276.5,286.0,4415983,1265560887,14474,+10.00
20251230,284.5,285.5,279.0,284.5,1518862,429881607,6197,-1.50
20251231,284.5,291.0,282.0,285.0,1364859,389734634,17163,+0.50
20260102,286.5,287.0,278.5,279.0,1601707,451008586,22136,-6.00
20260105,281.0,282.0,275.0,280.5,1393328,388971378,4556,+1.50
20260106,281.5,289.0,281.5,285.0,1785871,509844987,7832,+4.50
20260107,285.5,286.5,277.5,280.5,1797941,505464697,6244,-4.50
20260108,280.0,283.0,277.0,278.0,1030062,287577849,4685,-2.50
20260109,278.0,280.0,271.5,277.0,1134349,312385001,4593,-1.00
20260112,277.0,277.0,268.0,268.5,1884293,510483455,4395,-8.50
20260113,270.0,274.0,261.5,266.5,1628215,434536276,2951,-2.00
20260114,266.5,270.5,264.0,266.5,1429937,381277659,3754, 0.00
20260115,266.5,268.5,262.0,268.5,888123,234957955,1330,+2.00
20260116,272.0,275.0,268.5,272.0,1100515,298824140,3100,+3.50
20260119,273.5,275.5,270.5,273.0,855893,233270198,2683,+1.00
20260120,271.0,276.0,268.5,269.5,930531,252747224,4745,-3.50
20260121,268.5,269.5,262.5,264.5,1134311,301232377,3045,-5.00
20260122,265.0,287.5,265.0,279.5,3624548,1015948693,5475,+15.00
20260123,281.5,282.5,271.0,275.0,1551396,427161884,7009,-4.50
20260126,283.0,291.0,282.0,283.0,3169609,910589345,4092,+8.00
20260127,291.0,300.0,287.0,290.0,3746313,1098865144,7002,+7.00
20260128,293.0,297.5,286.0,291.5,1948762,565715088,10393,+1.50
20260129,296.0,299.0,289.0,290.0,3072316,902272725,10337,-1.50
20260130,289.0,292.0,280.0,285.0,1820060,518602235,6506,-5.00
20260202,282.0,288.0,276.5,283.5,2071308,585191283,3908,-1.50
20260203,289.5,292.5,278.0,284.0,1576265,448326774,3722,+0.50
20260204,283.0,294.0,279.0,291.0,1906417,552200716,2466,+7.00
20260205,290.0,291.5,281.0,283.5,1604539,457938315,4973,-7.50
20260206,281.0,281.0,269.5,277.5,1454592,400538492,2038,-6.00
20260209,285.5,288.0,280.5,285.5,1373126,391591605,1646,+8.00
20260210,290.0,307.5,287.5,300.5,5092402,1527276669,6011,+15.00
20260211,304.5,304.5,294.5,297.0,2483503,740272971,15161,-3.50
20260223,297.0,297.0,280.0,284.0,4575094,1308854678,10783,-13.00
20260224,288.0,308.0,285.0,303.0,4179449,1256675662,5104,+19.00
20260225,309.0,319.0,302.5,311.0,3614956,1118384741,11021,+8.00
20260226,313.0,342.0,309.5,342.0,9308335,3068331317,15895,+31.00
20260302,333.5,376.0,328.5,376.0,12380342,4500043231,10475,+34.00
20260303,383.0,383.5,338.5,366.0,21115126,7666568297,20329,-10.00
20260304,363.0,369.0,339.0,347.0,9749156,3433455404,10514,-19.00
20260305,364.0,374.0,340.0,353.5,10489530,3746410423,11349,+6.50
20260306,350.5,356.5,337.5,346.0,5373291,1861930608,6331,-7.50
20260309,311.5,325.0,311.5,311.5,4864600,1526739794,5972,-34.50
20260310,323.0,325.0,314.0,319.0,3863773,1235639257,4717,+7.50
20260311,328.5,350.5,326.0,350.5,4133959,1420318237,4807,+31.50
20260312,350.0,362.5,347.5,353.0,7626724,2705950966,8425,+2.50
20260313,341.0,355.0,338.5,345.5,3621186,1258065825,4608,-7.50
20260316,350.5,354.0,330.0,338.5,4257122,1442739640,5358,-7.00
20260317,345.5,349.0,334.0,340.0,2948091,1004836564,3907,+1.50
20260318,348.0,359.0,344.0,359.0,4984880,1755223856,5590,+19.00
20260319,354.5,362.0,344.0,344.0,6069321,2141543294,7149,-15.00
20260320,350.0,365.5,343.5,348.0,7378061,2619668315,8370,+4.00
20260323,336.0,340.0,319.0,319.0,4330950,1423705928,6856,-29.00
20260324,328.0,330.5,309.0,314.0,2989065,952759909,4188,-5.00
20260325,326.0,338.0,325.0,328.0,3196281,1058297473,4304,+14.00
20260326,334.0,344.0,324.5,325.0,3455211,1157112476,4942,-3.00
20260327,321.0,325.0,317.0,322.5,1604830,515342588,2496,-2.50
20260330,317.0,331.0,312.0,328.5,2728776,875816219,3722,+6.00
20260331,327.5,327.5,299.5,304.0,4687679,1449288280,6277,-24.50
20260401,318.5,324.0,316.0,318.0,1999792,638480450,3188,+14.00
20260402,325.0,327.0,314.0,318.0,2504599,803505725,3836, 0.00
20260407,326.5,342.0,324.0,334.0,3934871,1320117615,5318,+16.00
20260408,345.0,351.0,332.5,342.0,4451833,1517785772,5225,+8.00
20260409,345.0,347.5,336.5,339.0,3076297,1048531397,4007,-3.00
20260410,345.0,346.5,332.5,336.5,2744366,929453034,4008,-2.50
20260413,342.0,370.0,340.0,370.0,7756348,2777008468,9945,+33.50
20260414,385.0,407.0,361.0,407.0,17000534,6577240198,19451,+37.00
20260415,409.5,429.5,402.0,410.0,14075947,5830584562,16734,+3.00
20260416,418.0,430.0,409.0,414.0,8528307,3562164623,10100,+4.00
20260417,417.5,436.5,410.0,430.0,11751503,5039799376,13530,+16.00
20260420,460.0,473.0,460.0,473.0,2050147,961549531,2436,+43.00
20260421,520.0,520.0,498.0,504.0,8665306,4449707644,11110,+31.00
20260422,498.0,504.0,482.0,489.5,10550128,5192988689,19534,-14.50
20260423,505.0,538.0,488.0,515.0,26055901,13524980950,33222,+25.50
20260424,546.0,566.0,532.0,566.0,19370855,10745097408,28602,+51.00
20260427,586.0,593.0,546.0,557.0,21157270,11976660792,28981,-9.00
20260428,542.0,574.0,525.0,562.0,10112187,5556060364,16134,+5.00
20260429,551.0,566.0,536.0,555.0,6364711,3524059280,11045,-7.00
20260430,555.0,591.0,555.0,576.0,11807099,6771418853,16651,+21.00
20260504,588.0,633.0,570.0,611.0,18201623,11072092437,26815,35.0
20260505,613.0,619.0,597.0,604.0,7900381,4784903742,14940,-7.0
20260506,609.0,609.0,551.0,560.0,13126197,7546327903,28370,-44.0
20260507,561.0,595.0,554.0,581.0,7876476,4554204841,11857,21.0
20260508,580.0,608.0,566.0,603.0,10024190,5927811712,14738,22.0
20260511,603.0,616.0,587.0,600.0,10383449,6263304528,17392,-3.0
20260512,616.0,642.0,593.0,594.0,10081580,6175280346,16471,-6.0
20260513,582.0,596.0,570.0,583.0,6080945,3536422961,13761,-11.0
20260514,600.0,600.0,561.0,573.0,6948423,3996830574,15721,-10.0
20260515,598.0,615.0,580.0,587.0,11973280,7146242610,17459,14.0
20260518,578.0,580.0,538.0,549.0,8881972,4883393175,18664,-38.0
20260519,540.0,541.0,510.0,519.0,7210854,3774177477,16312,-30.0
20260520,523.0,525.0,506.0,519.0,3974079,2050213587,7782, 0.00
20260521,532.0,537.0,522.0,525.0,3171121,1677715660,7106,+6.00
20260522,533.0,560.0,532.0,556.0,4577035,2508725029,8568,+31.00
20260525,575.0,584.0,566.0,569.0,4963701,2850397129,9870,+13.00
20260526,576.0,576.0,551.0,556.0,3580972,2005256653,9116,-13.00
20260527,566.0,569.0,543.0,543.0,3427603,1900477479,8468,-13.00
20260528,550.0,562.0,516.0,524.0,4549098,2446395081,10960,-19.00
20260529,533.0,535.0,522.0,526.0,2765329,1460929394,5458,+2.00
20260601,532.0,550.0,522.0,547.0,2859328,1536591788,5998,+21.00
20260602,547.0,547.0,515.0,522.0,3463634,1829271022,8519,-25.00
20260603,529.0,562.0,529.0,540.0,3954316,2162805358,6146,+18.00
20260604,530.0,533.0,521.0,524.0,1859211,977188774,5360,-16.00
20260605,518.0,522.0,490.0,513.0,2837854,1439132824,7451,-11.00
20260608,462.0,489.0,462.0,487.5,2767945,1311937276,7088,-25.50
20260609,495.0,502.0,482.5,496.0,2163733,1067493934,4561,+8.50
20260610,484.5,492.0,460.0,460.0,3075584,1459871370,9597,-36.00
20260611,455.5,466.0,438.0,455.0,3482913,1580310089,6261,-5.00
20260612,475.0,490.5,470.0,481.5,2703732,1298969717,4900,+26.50
20260615,495.0,497.5,484.0,488.5,1652980,807854211,3788,+7.00
20260616,498.5,512.0,486.5,488.0,2719215,1352470838,5442,-0.50
20260617,483.5,495.5,480.5,494.0,1203785,589222400,2747,+6.00
20260618,496.0,543.0,496.0,543.0,4047781,2166443288,6667,+49.00
20260622,579.0,593.0,554.0,555.0,5522819,3137912666,9977,+12.00
20260623,558.0,584.0,549.0,552.0,4233777,2382947772,7598,-3.00
20260624,545.0,570.0,537.0,546.0,3933031,2177227179,7559,-6.00
20260625,555.0,559.0,537.0,537.0,2001670,1093210713,4433,-9.00
20260626,529.0,529.0,491.0,492.0,3025184,1530345955,8916,X0.00
20260629,495.0,517.0,492.0,497.5,1462106,736724863,3187,+5.50
20260630,512.0,521.0,509.0,513.0,2004367,1032047485,3417,+15.50
20260701,525.0,539.0,515.0,535.0,2603331,1374500625,5125,+22.00
20260702,527.0,530.0,518.0,530.0,1442048,755884881,3371,-5.00
20260703,521.0,542.0,519.0,528.0,1402428,741339658,2706,-2.00
20260706,536.0,538.0,514.0,524.0,1682627,887082611,3332,-4.00
20260707,528.0,534.0,494.0,500.0,2171209,1112734452,4704,-24.00
20260708,508.0,517.0,495.0,513.0,1337172,676856112,2545,+13.00
20260709,515.0,527.0,513.0,515.0,1267001,657928954,2351,+2.00
20260713,527.0,555.0,520.0,535.0,4271267,2293947517,7336,+20.00
20260714,523.0,524.0,481.5,482.0,5315169,2610541475,9969,-53.00
20260715,485.0,529.0,478.5,527.0,3616714,1848941557,7739,+45.00
20260716,525.0,533.0,508.0,526.0,2158084,1125570547,3817,-1.00
20260717,506.0,507.0,473.5,473.5,2792545,1355219083,7367,-52.50
20260720,475.0,475.0,433.0,459.0,2542540,1158712597,4653,-14.50
20260721,460.0,481.5,460.0,481.5,1593631,753844665,2750,+22.50
20260722,498.0,504.0,488.5,492.0,1634275,810699550,2985,+10.50
20260723,496.0,502.0,482.5,490.0,1216550,597942656,2375,-2.00
20260724,485.0,493.0,465.0,470.0,1398043,664973228,3369,-20.00
20260727,465.5,474.0,452.0,461.5,1092683,504716114,2398,-8.50
20260728,445.0,445.0,421.5,424.0,1745775,752813830,4331,-37.50
20260729,426.0,430.5,382.5,400.5,3336153,1319568011,5538,-23.50
20260730,400.0,416.5,383.0,385.0,2061319,820586451,3767,-15.50
20260731,421.0,423.5,414.5,423.5,1435114,604168449,2627,+38.50
20260803,413.0,436.5,409.5,430.5,1417836,608011817,2420,+7.00
20260804,422.0,442.5,421.5,440.0,1238124,537561284,2190,+9.50
20260805,458.0,467.5,452.0,453.5,1424056,654276701,2917,+13.50
20260806,449.0,457.5,437.0,456.5,1078641,484758969,1989,+3.00
20260807,453.0,453.0,413.0,417.0,2925154,1255402727,7473,-39.50
20260810,427.0,444.5,425.5,441.5,1734196,760360505,3282,+24.50
20260811,437.0,444.5,430.5,440.0,903453,395724105,1913,-1.50
20260812,446.0,457.0,442.5,452.5,1234958,557775526,2480,+12.50
20260813,458.5,462.5,449.0,451.0,1020884,464849523,2230,-1.50
20260814,449.5,453.0,442.5,442.5,819416,366033145,2310,-8.50
20260817,442.0,449.0,439.0,443.5,629975,279290401,1443,+1.00
20260818,444.0,454.0,433.0,433.0,962543,425646730,2389,-10.50
20260819,418.0,433.0,418.0,421.5,780625,330611406,2168,-11.50
20260820,429.5,434.0,421.5,427.5,538894,229821062,1135,+6.00
20260821,429.0,429.0,421.0,424.0,485108,205795242,1307,-3.50
20260824,428.5,431.0,415.0,415.0,800830,337542182,2417,-9.00
20260825,415.0,421.5,402.5,420.5,916502,374779908,2141,+5.50
20260826,422.5,461.0,422.5,458.5,2091189,934423840,4808,+38.00
20260827,465.0,478.5,457.0,462.5,3321824,1551649392,5222,+4.00
