date,open,high,low,close,volume,turnover,transactions,price_change,close_adj
2010-01-04,55.9,57.2,55.3,56.2,4884000,276609000,1716,2.7,56.2
2010-01-05,55.7,56.2,52.4,53.2,2626000,141590000,1209,-3.0,53.2
2010-01-06,52.5,55.3,52.5,54.7,1625000,88041000,881,1.5,54.7
2010-01-07,54.7,54.7,51.8,51.8,1415000,75215000,704,-2.9,51.8
2010-01-08,52.0,52.4,50.0,51.8,1071000,54997000,596,0.0,51.8
2010-01-11,52.5,53.8,52.0,52.6,1235000,65502000,501,0.8,52.6
2010-01-12,52.6,56.0,52.3,56.0,1690000,91786000,912,3.4,56.0
2010-01-13,56.0,59.5,55.0,57.5,3401000,196357000,1709,1.5,57.5
2010-01-14,58.5,59.5,58.0,58.2,1914000,112533000,1004,0.7,58.2
2010-01-15,58.2,58.4,56.8,57.5,1333000,76813000,816,-0.7,57.5
2010-01-18,57.0,59.4,56.8,58.2,1609000,94049000,857,0.7,58.2
2010-01-19,58.8,60.2,58.1,58.2,1946000,115222000,934,0.0,58.2
2010-01-20,59.0,59.0,55.9,56.9,1377000,78592000,724,-1.3,56.9
2010-01-21,56.2,56.7,55.0,55.0,1133000,62990000,592,-1.9,55.0
2010-01-22,55.0,55.0,53.2,53.3,884000,47691000,488,-1.7,53.3
2010-01-25,52.1,53.7,52.1,52.2,684000,36168000,440,-1.1,52.2
2010-01-26,52.3,52.9,48.55,48.55,1935000,97163000,911,-3.65,48.55
2010-01-27,48.55,49.5,46.3,47.2,1129000,54807000,681,-1.35,47.2
2010-01-28,46.6,49.1,46.6,48.7,916000,44136000,555,1.5,48.7
2010-01-29,46.5,48.15,46.5,48.0,508000,24019000,342,-0.7,48.0
2010-02-01,47.9,48.25,47.0,48.0,727000,34704000,611,0.0,48.0
2010-02-02,48.9,50.0,47.5,48.0,1251000,61245000,769,0.0,48.0
2010-02-03,48.5,49.6,47.8,49.0,938000,45714000,605,1.0,49.0
2010-02-04,49.5,51.5,48.8,50.8,1599000,80849000,1016,1.8,50.8
2010-02-05,48.8,50.1,48.0,49.2,1131000,55705000,703,-1.6,49.2
2010-02-06,49.5,49.5,47.35,49.0,726000,35381000,550,-0.2,49.0
2010-02-08,49.5,49.6,48.65,48.8,294000,14450000,234,-0.2,48.8
2010-02-09,48.75,49.5,48.35,49.25,451000,22112000,277,0.45,49.25
2010-02-10,49.1,52.1,49.0,50.7,1653000,83873000,952,1.45,50.7
2010-02-22,52.5,54.2,52.5,54.2,1154000,62009000,371,3.5,54.2
2010-02-23,56.8,57.9,55.7,57.9,4705000,270200000,2103,3.7,57.9
2010-02-24,57.9,60.5,57.6,58.4,4971000,292615000,2669,0.5,58.4
2010-02-25,58.8,59.0,57.0,57.9,1833000,106296000,998,-0.5,57.9
2010-02-26,58.9,59.7,57.0,58.2,2444000,143140000,1322,0.3,58.2
2010-03-01,58.9,59.4,57.1,57.4,1514000,87986000,900,-0.8,57.4
2010-03-02,57.8,59.8,57.4,58.3,2068000,121570000,1188,0.9,58.3
2010-03-03,58.9,62.3,58.0,62.3,5247000,322355000,2632,4.0,62.3
2010-03-04,62.2,63.0,60.1,60.9,3386000,209446000,1823,-1.4,60.9
2010-03-05,61.5,65.1,61.0,65.1,4239000,270726000,2216,4.2,65.1
2010-03-08,67.0,69.6,66.5,69.6,4106000,279011000,2092,4.5,69.6
2010-03-09,69.6,72.6,67.5,69.0,5893000,414809000,3420,-0.6,69.0
2010-03-10,69.2,69.4,66.6,67.5,2773000,187683000,1628,-1.5,67.5
2010-03-11,68.1,71.0,68.0,69.5,3564000,248878000,2186,2.0,69.5
2010-03-12,69.5,71.6,68.6,69.0,2359000,165269000,1482,-0.5,69.0
2010-03-15,69.5,69.7,67.0,67.5,1593000,108496000,1019,-1.5,67.5
2010-03-16,67.5,69.5,67.5,69.0,1488000,101953000,1018,1.5,69.0
2010-03-17,70.0,72.0,69.6,70.9,3069000,218094000,1766,1.9,70.9
2010-03-18,71.5,75.8,71.5,75.8,4499000,335536000,2190,4.9,75.8
2010-03-19,76.7,78.3,75.4,75.8,3395000,260434000,2121,0.0,75.8
2010-03-22,75.1,75.3,73.8,74.3,1930000,143826000,1150,-1.5,74.3
2010-03-23,75.0,76.8,71.6,71.6,2822000,208322000,1709,-2.7,71.6
2010-03-24,72.5,72.5,69.2,70.2,2138000,151097000,1177,-1.4,70.2
2010-03-25,69.5,71.7,69.5,70.7,1571000,110909000,1043,0.5,70.7
2010-03-26,71.0,71.6,69.9,69.9,1012000,71484000,683,-0.8,69.9
2010-03-29,70.0,70.5,68.4,68.6,1269000,88090000,789,-1.3,68.6
2010-03-30,68.8,69.8,68.0,68.7,1355000,93258000,828,0.1,68.7
2010-03-31,69.5,73.5,69.0,72.8,3671000,265267000,2077,4.1,72.8
2010-04-01,72.2,73.2,71.5,71.9,1503000,108633000,891,-0.9,71.9
2010-04-02,72.0,73.5,71.3,71.9,1461000,105850000,846,0.0,71.9
2010-04-06,71.5,72.5,69.5,69.6,1562000,110235000,888,-2.3,69.6
2010-04-07,69.6,70.3,68.7,70.1,841000,58588000,559,0.5,70.1
2010-04-08,69.7,70.5,67.5,67.5,1250000,85712000,770,-2.6,67.5
2010-04-09,67.2,67.2,64.8,66.1,1831000,120746000,1074,-1.4,66.1
2010-04-12,66.8,69.5,66.7,68.0,1570000,107257000,1015,1.9,68.0
2010-04-13,68.1,69.5,68.0,69.3,1481000,101871000,796,1.3,69.3
2010-04-14,69.8,70.4,68.7,69.1,952000,66316000,524,-0.2,69.1
2010-04-15,69.5,69.8,68.2,68.2,691000,47590000,414,-0.9,68.2
2010-04-16,69.0,72.0,68.5,70.6,1700000,120472000,985,2.4,70.6
2010-04-19,69.5,69.9,66.5,66.5,1357000,92106000,760,-4.1,66.5
2010-04-20,67.4,68.4,65.7,67.4,527000,35325000,368,0.9,67.4
2010-04-21,68.9,68.9,67.4,67.4,462000,31407000,304,0.0,67.4
2010-04-22,67.5,69.7,66.5,69.6,594000,40557000,395,2.2,69.6
2010-04-23,69.6,69.9,68.8,68.9,576000,39896000,362,-0.7,68.9
2010-04-26,69.5,70.9,68.6,69.5,882000,61575000,532,0.6,69.5
2010-04-27,71.0,71.5,69.5,69.5,1172000,82792000,655,0.0,69.5
2010-04-28,66.0,68.8,66.0,68.4,689000,46766000,444,-1.1,68.4
2010-04-29,69.1,70.5,68.5,68.6,733000,50887000,454,0.2,68.6
2010-04-30,69.8,69.8,66.8,66.8,563000,38302000,355,-1.8,66.8
2010-05-03,66.6,67.4,65.2,65.9,642000,42341000,380,-0.9,65.9
2010-05-04,66.5,66.8,65.5,65.7,361000,23826000,241,-0.2,65.7
2010-05-05,64.5,67.0,64.1,65.5,1547000,102124000,708,-0.2,65.5
2010-05-06,65.5,66.1,61.0,61.0,1809000,112074000,961,-4.5,61.0
2010-05-07,56.9,57.9,56.8,57.0,2327000,132404000,983,-4.0,57.0
2010-05-10,57.0,60.9,56.5,60.9,1704000,100665000,897,3.9,60.9
2010-05-11,61.3,61.5,59.0,59.0,1320000,80167000,706,-1.9,59.0
2010-05-12,59.0,60.4,58.5,59.7,722000,43015000,433,0.7,59.7
2010-05-13,60.3,63.0,60.3,61.6,1090000,67741000,643,1.9,61.6
2010-05-14,61.7,62.5,61.3,62.4,314000,19515000,239,0.8,62.4
2010-05-17,61.6,61.8,60.0,60.0,419000,25533000,269,-2.4,60.0
2010-05-18,60.5,61.8,58.0,59.7,712000,42609000,352,-0.3,59.7
2010-05-19,57.8,59.7,57.8,59.4,381000,22462000,227,-0.3,59.4
2010-05-20,59.5,59.5,56.7,58.0,997000,57880000,565,-1.4,58.0
2010-05-21,54.0,55.8,54.0,54.7,1062000,57891000,509,-3.3,54.7
2010-05-24,55.2,56.1,54.5,56.0,667000,37087000,355,1.3,56.0
2010-05-25,55.5,55.5,52.1,53.9,1159000,61741000,495,-2.1,53.9
2010-05-26,52.5,54.3,51.5,53.2,745000,39125000,388,-0.7,53.2
2010-05-27,51.7,56.8,51.7,55.3,946000,51866000,575,2.1,55.3
2010-05-28,56.0,57.9,55.8,56.5,1610000,91665000,821,1.2,56.5
2010-05-31,56.9,56.9,55.7,56.6,364000,20520000,221,0.1,56.6
2010-06-01,56.0,60.5,56.0,59.2,2112000,125439000,1161,2.6,59.2
2010-06-02,59.5,63.3,59.2,62.5,4112000,256903000,2020,3.3,62.5
2010-06-03,63.7,66.2,62.5,65.5,4852000,315792000,2292,3.0,65.5
2010-06-04,66.5,68.4,65.5,67.4,4164000,280768000,2298,1.9,67.4
2010-06-07,64.1,65.7,64.1,65.1,1511000,97889000,869,-2.3,65.1
2010-06-08,65.1,67.0,64.8,64.8,1630000,107279000,950,-0.3,64.8
2010-06-09,65.2,65.7,60.3,60.9,2034000,127102000,1093,-3.9,60.9
2010-06-10,60.9,62.5,59.6,62.4,1079000,66190000,663,1.5,62.4
2010-06-11,64.5,66.4,64.0,64.5,2307000,150578000,1260,2.1,64.5
2010-06-14,64.9,64.9,63.5,64.2,716000,46029000,469,-0.3,64.2
2010-06-15,64.1,64.4,62.8,63.9,773000,49101000,472,-0.3,63.9
2010-06-17,63.9,64.5,63.1,63.1,680000,43440000,472,-0.8,63.1
2010-06-18,63.7,66.6,63.7,65.1,2107000,137828000,1190,2.0,65.1
2010-06-21,65.8,66.9,65.1,65.8,1169000,77035000,686,0.7,65.8
2010-06-22,65.8,66.2,65.0,65.0,539000,35320000,322,-0.8,65.0
2010-06-23,65.0,65.0,63.8,64.5,609000,39167000,365,-0.5,64.5
2010-06-24,64.5,67.7,64.2,66.3,2740000,182566000,1489,1.8,66.3
2010-06-25,66.1,67.0,64.7,65.1,1155000,76090000,686,-1.2,65.1
2010-06-28,66.4,67.6,64.8,65.4,1289000,85498000,871,0.3,65.4
2010-06-29,66.0,66.3,62.5,63.2,1535000,97747000,831,-2.2,63.2
2010-06-30,61.2,63.2,61.0,63.2,733000,45325000,480,0.0,63.2
2010-07-01,63.6,64.3,63.0,63.5,669000,42530000,434,0.3,63.5
2010-07-02,63.9,67.9,63.9,67.5,3905000,260288000,2039,4.0,67.5
2010-07-05,68.0,70.0,67.2,68.5,3220000,222347000,1670,1.0,68.5
2010-07-06,68.5,70.8,68.0,69.0,2753000,191973000,1332,0.5,69.0
2010-07-07,69.5,70.3,67.9,68.0,1066000,73478000,648,-1.0,68.0
2010-07-08,69.0,70.6,68.1,69.0,2388000,166279000,1312,1.0,69.0
2010-07-09,69.5,70.9,69.3,69.6,1469000,103054000,863,0.6,69.6
2010-07-12,70.5,71.1,69.0,70.1,1589000,111229000,978,0.5,70.1
2010-07-13,70.1,70.2,68.4,68.5,1287000,89063000,760,-1.6,68.5
2010-07-14,69.0,70.3,68.7,69.5,1205000,83733000,676,1.0,69.5
2010-07-15,69.7,70.8,69.2,69.2,1497000,104670000,793,-0.3,69.2
2010-07-16,70.0,70.0,66.7,67.3,1666000,113095000,983,-1.9,67.3
2010-07-19,67.3,67.3,65.2,66.0,1097000,72397000,590,-1.3,66.0
2010-07-20,65.5,67.4,65.5,66.5,889000,59344000,572,0.5,66.5
2010-07-21,66.5,68.6,66.2,67.4,1271000,86118000,762,0.9,67.4
2010-07-22,67.9,67.9,66.7,67.0,443000,29770000,284,-0.4,67.0
2010-07-23,68.1,69.0,67.1,67.3,1122000,76250000,569,0.3,67.3
2010-07-26,67.6,67.9,65.7,65.9,738000,48881000,451,-1.4,65.9
2010-07-27,65.9,66.3,65.5,65.9,237000,15629000,173,0.0,65.9
2010-07-28,66.3,66.3,65.0,65.0,595000,39053000,395,-0.9,65.0
2010-07-29,65.2,66.0,63.7,63.8,846000,54731000,512,-1.2,63.8
2010-07-30,64.0,65.0,63.9,64.2,428000,27538000,271,0.4,64.2
2010-08-02,64.7,66.4,64.2,64.8,859000,55904000,570,0.6,64.8
2010-08-03,65.7,65.9,64.4,64.5,533000,34657000,335,-0.3,64.5
2010-08-04,64.5,65.4,63.7,63.7,596000,38413000,380,-0.8,63.7
2010-08-05,63.2,63.7,61.9,62.0,1079000,67653000,686,-1.7,62.0
2010-08-06,62.0,63.4,62.0,63.0,486000,30362000,335,1.0,63.0
2010-08-09,63.0,63.3,61.7,61.7,432000,26905000,300,-1.3,61.7
2010-08-10,62.0,62.8,61.5,61.7,586000,36324000,369,0.0,61.7
2010-08-11,61.9,62.0,60.0,60.2,600000,36549000,378,-1.5,60.2
2010-08-12,60.0,60.8,59.5,60.2,592000,35467000,391,0.0,60.2
2010-08-13,60.5,61.2,60.1,60.5,603000,36485000,409,0.3,60.5
2010-08-16,60.5,61.0,60.3,60.5,384000,23234000,228,0.0,60.5
2010-08-17,60.5,64.7,60.5,64.7,2365000,150368000,1154,4.2,64.7
2010-08-18,65.5,66.4,63.6,63.6,2299000,150269000,1363,-1.1,63.6
2010-08-19,64.0,64.5,62.8,62.8,782000,49736000,513,-0.8,62.8
2010-08-20,63.0,65.5,63.0,64.3,1197000,77050000,738,1.5,64.3
2010-08-23,64.5,65.3,63.6,63.6,733000,47189000,446,-0.7,63.6
2010-08-24,64.6,64.6,63.0,63.0,549000,34937000,351,-0.6,63.0
2010-08-25,63.0,63.3,60.1,60.5,671000,41148000,410,-2.5,60.5
2010-08-26,61.0,61.5,58.0,58.3,739000,43725000,493,-2.2,58.3
2010-08-27,58.7,58.7,57.0,58.2,400000,23231000,252,-0.1,58.2
2010-08-30,58.2,59.1,58.2,58.3,213000,12460000,153,0.1,58.3
2010-08-31,57.6,57.6,54.3,54.3,1014000,55767000,531,-4.0,54.3
2010-09-01,54.3,56.9,54.3,55.9,1545000,85722000,570,1.6,55.9
2010-09-02,56.5,56.8,55.0,55.0,459000,25591000,314,-0.9,55.0
2010-09-03,55.0,56.1,55.0,55.4,431000,23997000,250,0.4,55.4
2010-09-06,55.8,58.0,55.0,56.7,996000,56664000,463,1.3,56.7
2010-09-07,56.7,57.3,55.6,55.6,362000,20419000,225,-1.1,55.6
2010-09-08,55.5,55.8,53.5,54.0,477000,25946000,340,-1.6,54.0
2010-09-09,54.8,55.1,54.0,54.2,408000,22205000,239,0.2,54.2
2010-09-10,54.3,55.2,53.2,53.5,397000,21432000,246,-0.7,53.5
2010-09-13,53.7,54.5,53.5,53.5,314000,16986000,198,0.0,53.5
2010-09-14,53.5,54.5,53.5,54.4,359000,19383000,212,0.9,54.4
2010-09-15,54.6,56.1,54.5,55.7,753000,41800000,383,1.3,55.7
2010-09-16,56.2,58.6,55.9,57.2,1483000,85600000,886,1.5,57.2
2010-09-17,58.5,58.9,56.5,56.5,614000,35430000,432,-0.7,56.5
2010-09-20,56.0,56.5,55.0,55.0,409000,22670000,234,-1.5,55.0
2010-09-21,55.9,55.9,55.0,55.0,247000,13675000,169,0.0,55.0
2010-09-23,55.1,55.1,54.1,54.2,294000,15981000,203,-0.8,54.2
2010-09-24,53.5,57.8,53.5,56.3,840000,47153000,530,2.1,56.3
2010-09-27,57.3,57.3,55.2,56.0,272000,15319000,195,-0.3,56.0
2010-09-28,56.5,56.5,55.4,55.4,189000,10524000,125,-0.6,55.4
2010-09-29,56.0,56.0,55.4,55.5,154000,8570000,121,0.1,55.5
2010-09-30,55.9,57.1,55.6,56.0,323000,18200000,203,0.5,56.0
2010-10-01,56.1,56.5,55.4,55.4,205000,11442000,127,-0.6,55.4
2010-10-04,55.5,56.3,54.0,54.0,334000,18405000,190,-1.4,54.0
2010-10-05,54.0,54.5,53.6,54.2,209000,11246000,137,0.2,54.2
2010-10-06,54.9,54.9,53.3,54.0,249000,13375000,176,-0.2,54.0
2010-10-07,53.3,54.4,53.3,54.0,174000,9377000,127,0.0,54.0
2010-10-08,54.2,54.4,53.3,53.6,148000,7965000,110,-0.4,53.6
2010-10-11,54.2,54.2,53.4,54.0,213000,11474000,179,0.4,54.0
2010-10-12,54.1,54.7,53.7,54.3,139000,7547000,107,0.3,54.3
2010-10-13,54.5,54.8,53.7,53.7,145000,7813000,99,-0.6,53.7
2010-10-14,53.6,54.4,53.6,54.0,127000,6834000,94,0.3,54.0
2010-10-15,54.0,54.0,53.0,53.1,229000,12264000,155,-0.9,53.1
2010-10-18,53.1,53.1,49.8,49.9,510000,25945000,318,-3.2,49.9
2010-10-19,49.9,49.9,46.45,48.1,2549000,119114000,1191,-1.8,48.1
2010-10-20,48.1,48.2,47.2,47.45,558000,26579000,367,-0.65,47.45
2010-10-21,47.7,49.5,47.5,48.0,677000,32883000,443,0.55,48.0
2010-10-22,48.5,48.5,46.5,46.7,405000,19242000,262,-1.3,46.7
2010-10-25,46.7,47.5,46.5,46.9,388000,18170000,249,0.2,46.9
2010-10-26,47.2,49.9,47.0,48.3,638000,31080000,453,1.4,48.3
2010-10-27,48.4,48.5,46.6,46.9,434000,20561000,297,-1.4,46.9
2010-10-28,46.9,47.4,46.8,47.0,152000,7163000,106,0.1,47.0
2010-10-29,47.2,48.4,47.2,47.3,302000,14450000,210,0.3,47.3
2010-11-01,48.0,48.0,46.8,46.8,184000,8709000,155,-0.5,46.8
2010-11-02,47.1,47.3,43.55,43.55,941000,41288000,592,-3.25,43.55
2010-11-03,43.2,43.2,40.55,40.55,1213000,49558000,664,-3.0,40.55
2010-11-04,38.0,40.0,38.0,39.6,999000,38694000,561,-0.95,39.6
2010-11-05,39.6,41.3,39.6,40.6,592000,24056000,376,1.0,40.6
2010-11-08,41.0,41.2,40.2,40.9,301000,12218000,170,0.3,40.9
2010-11-09,41.0,41.0,40.05,40.7,230000,9294000,133,-0.2,40.7
2010-11-10,40.7,40.7,39.8,40.7,309000,12427000,141,0.0,40.7
2010-11-11,40.8,41.0,40.35,40.75,153000,6213000,89,0.05,40.75
2010-11-12,41.0,41.0,40.0,40.1,128000,5143000,97,-0.65,40.1
2010-11-15,39.2,40.0,39.0,39.25,160000,6276000,110,-0.85,39.25
2010-11-16,39.0,39.5,38.9,39.2,169000,6591000,103,-0.05,39.2
2010-11-17,39.2,39.2,38.1,38.7,161000,6198000,114,-0.5,38.7
2010-11-18,38.0,39.1,38.0,39.0,177000,6844000,117,0.3,39.0
2010-11-19,39.5,39.5,38.75,39.0,160000,6251000,94,0.0,39.0
2010-11-22,39.0,39.2,38.85,39.0,115000,4490000,76,0.0,39.0
2010-11-23,39.0,39.1,38.75,39.1,78000,3037000,55,0.1,39.1
2010-11-24,38.7,38.85,38.1,38.7,147000,5655000,97,-0.4,38.7
2010-11-25,38.7,39.4,38.25,39.0,133000,5152000,97,0.3,39.0
2010-11-26,39.95,39.95,39.1,39.85,157000,6208000,111,0.85,39.85
2010-11-29,40.1,42.6,39.75,42.6,1238000,52178000,573,2.75,42.6
2010-11-30,43.0,44.9,42.95,43.4,1366000,59999000,809,0.8,43.4
2010-12-01,43.9,43.9,42.65,42.65,413000,17771000,253,-0.75,42.65
2010-12-02,43.4,43.4,41.8,41.8,319000,13466000,204,-0.85,41.8
2010-12-03,41.85,42.2,41.25,41.5,297000,12344000,190,-0.3,41.5
2010-12-06,41.85,42.85,41.25,42.3,224000,9412000,165,0.8,42.3
2010-12-07,42.3,42.7,42.05,42.1,97000,4111000,78,-0.2,42.1
2010-12-08,42.05,42.4,41.75,41.75,137000,5762000,95,-0.35,41.75
2010-12-09,41.9,44.0,41.65,42.5,321000,13755000,226,0.75,42.5
2010-12-10,42.5,42.75,41.8,42.75,205000,8687000,129,0.25,42.75
2010-12-13,43.75,43.75,42.75,42.75,235000,10169000,166,0.0,42.75
2010-12-14,42.75,45.2,42.75,44.1,790000,34890000,512,1.35,44.1
2010-12-15,44.3,44.7,43.05,43.05,256000,11150000,169,-1.05,43.05
2010-12-16,43.05,43.35,42.6,42.6,116000,4954000,92,-0.45,42.6
2010-12-17,42.75,43.1,42.55,42.6,150000,6422000,87,0.0,42.6
2010-12-20,42.6,43.0,41.9,41.9,140000,5923000,90,-0.7,41.9
2010-12-21,41.9,42.1,41.6,41.6,134000,5580000,90,-0.3,41.6
2010-12-22,41.6,42.45,41.6,41.65,180000,7556000,111,0.05,41.65
2010-12-23,41.75,42.3,41.6,41.65,190000,7946000,130,0.0,41.65
2010-12-24,41.65,41.95,41.0,41.0,293000,12148000,177,-0.65,41.0
2010-12-27,41.0,41.0,39.8,40.8,207000,8356000,142,-0.2,40.8
2010-12-28,40.8,40.8,39.8,40.2,113000,4546000,65,-0.6,40.2
2010-12-29,40.0,40.0,39.4,39.7,167000,6622000,104,-0.5,39.7
2010-12-30,39.7,39.95,39.5,39.95,102000,4024000,73,0.25,39.95
2010-12-31,39.95,39.95,39.4,39.5,113000,4461000,77,-0.45,39.5
2011-01-03,39.85,40.1,39.4,39.55,99000,3944000,67,0.05,39.55
2011-01-04,39.7,40.5,39.6,39.8,197000,7878000,106,0.25,39.8
2011-01-05,40.5,40.5,39.7,40.05,242000,9710000,123,0.25,40.05
2011-01-06,40.05,40.45,39.6,39.65,118000,4720000,76,-0.4,39.65
2011-01-07,39.8,40.05,38.5,39.0,146000,5737000,91,-0.65,39.0
2011-01-10,38.5,38.9,38.05,38.3,107000,4110000,66,-0.7,38.3
2011-01-11,38.3,38.7,38.3,38.7,131000,5059000,72,0.4,38.7
2011-01-12,38.9,38.9,38.05,38.2,158000,6060000,109,-0.5,38.2
2011-01-13,38.2,38.7,38.2,38.2,130000,5007000,90,0.0,38.2
2011-01-14,38.2,38.25,38.0,38.0,114000,4342000,64,-0.2,38.0
2011-01-17,38.0,38.0,35.35,35.35,913000,32553000,534,-2.65,35.35
2011-01-18,33.95,34.1,32.95,33.0,938000,31237000,539,-2.35,33.0
2011-01-19,33.9,35.3,33.5,35.3,475000,16591000,259,2.3,35.3
2011-01-20,36.4,37.5,36.2,36.5,939000,34492000,624,1.2,36.5
2011-01-21,36.25,36.25,35.0,35.0,302000,10769000,200,-1.5,35.0
2011-01-24,34.25,35.0,33.7,34.1,257000,8798000,160,-0.9,34.1
2011-01-25,34.9,34.9,33.75,33.8,146000,4984000,92,-0.3,33.8
2011-01-26,33.7,35.0,33.7,34.0,234000,8057000,161,0.2,34.0
2011-01-27,34.4,34.9,34.3,34.7,192000,6654000,127,0.7,34.7
2011-01-28,35.1,35.35,33.75,33.75,242000,8364000,141,-0.95,33.75
2011-02-08,34.05,34.05,32.4,32.4,380000,12575000,224,-1.35,32.4
2011-02-09,32.4,32.9,32.0,32.1,187000,6056000,114,-0.3,32.1
2011-02-10,32.1,32.9,32.0,32.75,173000,5594000,112,0.65,32.75
2011-02-11,32.8,32.8,32.0,32.1,385000,12387000,146,-0.65,32.1
2011-02-14,33.15,34.3,33.15,34.3,896000,30514000,360,2.2,34.3
2011-02-15,34.6,36.7,34.5,36.7,1339000,48244000,866,2.4,36.7
2011-02-16,37.35,38.7,36.7,37.4,1407000,53192000,864,0.7,37.4
2011-02-17,37.9,38.1,36.7,36.7,651000,24262000,408,-0.7,36.7
2011-02-18,36.7,37.05,36.1,36.2,384000,14056000,231,-0.5,36.2
2011-02-21,36.0,38.0,35.7,37.85,651000,24201000,416,1.65,37.85
2011-02-22,37.85,40.45,37.85,40.45,1537000,60932000,824,2.6,40.45
2011-02-23,41.4,43.25,40.2,40.85,4063000,170524000,2268,0.4,40.85
2011-02-24,40.8,43.5,40.8,42.3,2175000,91973000,1358,1.45,42.3
2011-02-25,43.5,43.5,41.6,42.0,1305000,55191000,789,-0.3,42.0
2011-03-01,41.6,42.0,40.9,41.2,909000,37538000,560,-0.8,41.2
2011-03-02,41.0,44.05,41.0,44.05,932000,40617000,521,2.85,44.05
2011-03-03,45.15,46.9,43.8,44.2,2736000,123530000,1487,0.15,44.2
2011-03-04,44.6,45.5,43.5,44.3,1362000,60688000,825,0.1,44.3
2011-03-07,45.5,46.3,44.1,44.7,1264000,56920000,755,0.4,44.7
2011-03-08,44.5,45.55,43.6,44.05,696000,30757000,439,-0.65,44.05
2011-03-09,44.9,44.9,42.7,42.8,791000,34341000,514,-1.25,42.8
2011-03-10,42.5,42.9,41.1,41.1,752000,31379000,434,-1.7,41.1
2011-03-11,40.7,40.85,40.2,40.75,542000,21967000,332,-0.35,40.75
2011-03-14,41.15,43.35,40.5,42.05,1156000,48621000,758,1.3,42.05
2011-03-15,42.5,43.85,39.15,40.45,1431000,59662000,930,-1.6,40.45
2011-03-16,41.8,41.8,39.5,40.7,514000,20846000,367,0.25,40.7
2011-03-17,40.0,43.5,39.5,42.2,1336000,56737000,820,1.5,42.2
2011-03-18,43.0,45.0,42.8,43.7,2359000,103944000,1271,1.5,43.7
2011-03-21,43.8,44.5,43.05,43.1,653000,28539000,450,-0.6,43.1
2011-03-22,44.0,44.0,42.5,42.9,594000,25707000,393,-0.2,42.9
2011-03-23,43.3,45.3,42.95,44.0,1258000,56006000,771,1.1,44.0
2011-03-24,45.0,46.05,44.2,44.5,1408000,63605000,914,0.5,44.5
2011-03-25,44.95,44.95,42.55,42.8,993000,42965000,699,-1.7,42.8
2011-03-28,42.5,43.0,41.6,41.6,350000,14814000,264,-1.2,41.6
2011-03-29,41.6,42.0,40.6,41.0,410000,16873000,303,-0.6,41.0
2011-03-30,41.1,42.5,41.1,42.0,450000,18806000,278,1.0,42.0
2011-03-31,42.3,42.5,41.4,41.8,254000,10606000,170,-0.2,41.8
2011-04-01,42.0,42.0,40.95,41.3,317000,13073000,205,-0.5,41.3
2011-04-06,41.3,42.0,41.0,41.15,191000,7897000,143,-0.15,41.15
2011-04-07,41.3,42.2,41.3,41.55,334000,13973000,240,0.4,41.55
2011-04-08,42.0,42.9,41.8,41.85,425000,17980000,290,0.3,41.85
2011-04-11,42.7,42.7,41.6,41.6,216000,9104000,175,-0.25,41.6
2011-04-12,41.0,41.55,40.4,40.5,259000,10566000,202,-1.1,40.5
2011-04-13,40.5,41.1,40.35,40.6,366000,14844000,192,0.1,40.6
2011-04-14,40.6,41.2,40.5,40.5,234000,9539000,175,-0.1,40.5
2011-04-15,40.5,40.95,40.0,40.0,182000,7350000,132,-0.5,40.0
2011-04-18,40.1,40.1,38.0,38.2,463000,17954000,354,-1.8,38.2
2011-04-19,37.75,37.75,36.0,36.7,469000,17212000,332,-1.5,36.7
2011-04-20,36.1,38.4,36.1,37.55,306000,11506000,220,0.85,37.55
2011-04-21,38.0,38.8,37.1,37.5,274000,10315000,156,-0.05,37.5
2011-04-22,37.5,37.5,36.9,36.9,305000,11337000,170,-0.6,36.9
2011-04-25,37.85,37.85,36.7,36.7,166000,6142000,108,-0.2,36.7
2011-04-26,36.2,37.15,36.2,36.5,157000,5716000,109,-0.2,36.5
2011-04-27,36.7,36.8,36.3,36.5,155000,5679000,91,0.0,36.5
2011-04-28,36.6,36.9,36.5,36.7,278000,10185000,153,0.2,36.7
2011-04-29,36.8,39.25,36.8,38.75,864000,33369000,511,2.05,38.75
2011-05-03,39.45,39.5,37.8,37.9,378000,14590000,176,-0.85,37.9
2011-05-04,37.9,38.6,37.9,38.0,308000,11732000,149,0.1,38.0
2011-05-05,37.05,38.2,37.05,38.1,206000,7779000,123,0.1,38.1
2011-05-06,38.1,38.9,38.1,38.1,295000,11297000,160,0.0,38.1
2011-05-09,38.0,38.3,37.3,37.55,356000,13431000,164,-0.55,37.55
2011-05-10,37.5,38.5,37.4,37.9,328000,12442000,151,0.35,37.9
2011-05-11,37.95,38.8,37.95,38.8,302000,11587000,159,0.9,38.8
2011-05-12,37.9,39.4,37.9,39.4,211000,8172000,130,0.6,39.4
2011-05-13,39.4,39.4,38.6,38.8,248000,9621000,145,-0.6,38.8
2011-05-16,38.8,38.8,38.4,38.4,146000,5659000,92,-0.4,38.4
2011-05-17,38.4,38.5,38.0,38.15,148000,5650000,84,-0.25,38.15
2011-05-18,38.2,38.2,37.5,37.55,199000,7518000,110,-0.6,37.55
2011-05-19,38.0,38.0,37.3,37.55,120000,4505000,63,0.0,37.55
2011-05-20,37.55,37.95,35.4,37.2,590000,21387000,253,-0.35,37.2
2011-05-23,37.0,37.25,36.6,37.2,181000,6683000,103,0.0,37.2
2011-05-24,36.0,37.15,35.95,37.15,208000,7556000,136,-0.05,37.15
2011-05-25,37.0,37.0,35.5,36.8,238000,8622000,148,-0.35,36.8
2011-05-26,36.6,37.3,36.4,36.7,133000,4898000,82,-0.1,36.7
2011-05-27,37.0,39.25,37.0,39.25,839000,32807000,443,2.55,39.25
2011-05-30,39.0,39.45,38.3,39.35,288000,11235000,184,0.1,39.35
2011-05-31,39.0,41.8,39.0,40.7,990000,40203000,534,1.35,40.7
2011-06-01,41.25,41.8,40.4,40.85,318000,12984000,204,0.15,40.85
2011-06-02,40.1,40.5,39.65,40.0,247000,9921000,151,-0.85,40.0
2011-06-03,39.7,40.4,39.65,40.0,155000,6209000,99,0.0,40.0
2011-06-07,39.7,39.8,39.2,39.2,114000,4514000,68,-0.8,39.2
2011-06-08,39.4,41.9,39.4,41.9,1012000,41762000,522,2.7,41.9
2011-06-09,42.0,42.4,41.2,41.5,896000,37574000,502,-0.4,41.5
2011-06-10,42.3,42.3,39.9,40.4,466000,19084000,257,-1.1,40.4
2011-06-13,40.4,40.7,39.45,40.0,198000,7943000,100,-0.4,40.0
2011-06-14,40.0,40.3,39.65,40.0,150000,6011000,81,0.0,40.0
2011-06-15,40.15,40.55,39.7,39.75,210000,8413000,118,-0.25,39.75
2011-06-16,39.5,39.5,38.6,39.0,145000,5678000,70,-0.75,39.0
2011-06-17,39.0,39.55,38.4,38.8,127000,4935000,97,-0.2,38.8
2011-06-20,39.25,39.5,38.0,38.45,155000,5976000,102,-0.35,38.45
2011-06-21,38.0,38.5,36.9,38.0,273000,10299000,140,-0.45,38.0
2011-06-22,38.05,38.5,37.8,38.15,98000,3742000,57,0.15,38.15
2011-06-23,38.15,38.8,37.8,38.55,113000,4347000,83,0.4,38.55
2011-06-24,38.55,40.0,38.25,40.0,275000,10759000,166,1.45,40.0
2011-06-27,39.9,42.8,39.75,42.75,2141000,91144000,903,2.75,42.75
2011-06-28,42.75,43.5,42.0,42.5,1239000,52688000,499,-0.25,42.5
2011-06-29,42.5,42.9,42.1,42.3,764000,32334000,285,-0.2,42.3
2011-06-30,42.2,42.45,42.05,42.2,160000,6763000,100,-0.1,42.2
2011-07-01,42.2,45.0,42.2,43.0,1252000,54875000,647,0.8,43.0
2011-07-04,43.0,43.5,42.4,43.0,323000,13853000,199,0.0,43.0
2011-07-05,43.35,44.9,43.3,44.0,795000,35090000,464,1.0,44.0
2011-07-06,45.1,47.05,45.1,46.0,4130000,191942000,1522,2.0,46.0
2011-07-07,46.7,48.8,46.7,48.7,3883000,185878000,1766,2.7,48.7
2011-07-08,50.0,51.9,49.9,50.4,3495000,177165000,1602,1.7,50.4
2011-07-11,51.9,52.5,50.1,50.4,2384000,122324000,1224,0.0,50.4
2011-07-12,50.6,51.3,49.15,51.0,2266000,113694000,1101,0.6,51.0
2011-07-13,51.2,52.5,48.25,48.25,2994000,151249000,1308,-2.75,48.25
2011-07-14,48.25,48.35,46.7,47.15,2021000,95746000,928,-1.1,47.15
2011-07-15,47.25,48.65,47.25,47.9,1832000,88012000,902,0.75,47.9
2011-07-18,47.9,47.9,46.25,46.85,995000,46829000,473,-1.05,46.85
2011-07-19,46.85,48.25,46.85,47.5,748000,35673000,417,0.65,47.5
2011-07-20,48.35,49.9,47.6,49.0,1604000,78870000,901,1.5,49.0
2011-07-21,48.7,49.4,48.15,48.15,668000,32341000,406,-0.85,48.15
2011-07-22,48.9,49.05,48.15,48.4,604000,29327000,327,0.25,48.4
2011-07-25,48.4,48.4,47.2,47.7,466000,22188000,256,-0.7,47.7
2011-07-26,47.7,51.0,47.7,51.0,3468000,174931000,1688,3.3,51.0
2011-07-27,51.2,51.5,50.3,51.0,1450000,73954000,843,0.0,51.0
2011-07-28,50.6,51.9,50.0,51.4,1037000,52936000,592,0.4,51.4
2011-07-29,51.4,51.5,49.2,49.2,946000,47509000,555,-2.2,49.2
2011-08-01,50.2,50.5,47.6,48.45,594000,29022000,360,-0.75,48.45
2011-08-02,47.7,49.0,47.55,48.7,516000,25022000,243,0.25,48.7
2011-08-03,48.2,51.5,47.75,50.5,2884000,145492000,1488,2.3,50.5
2011-08-04,50.3,51.3,47.05,48.0,1608000,79036000,923,-2.5,48.0
2011-08-05,44.65,45.45,44.65,44.65,837000,37427000,427,-3.35,44.65
2011-08-08,41.55,42.7,41.55,41.6,1264000,52626000,482,-3.05,41.6
2011-08-09,38.8,40.95,38.7,39.5,964000,37709000,490,-2.1,39.5
2011-08-10,41.45,41.75,40.5,41.7,654000,26896000,340,2.2,41.7
2011-08-11,40.2,41.5,39.8,41.3,354000,14462000,213,-0.4,41.3
2011-08-12,41.3,42.5,41.3,41.7,292000,12186000,185,0.4,41.7
2011-08-15,42.1,43.35,42.0,42.6,234000,9928000,153,0.9,42.6
2011-08-16,43.0,43.45,42.4,42.5,362000,15463000,194,-0.1,42.5
2011-08-17,42.9,42.9,41.7,42.0,157000,6615000,115,-0.5,42.0
2011-08-18,41.8,41.8,40.6,41.2,271000,11137000,140,-0.8,41.2
2011-08-19,38.35,40.0,38.35,38.35,428000,16490000,253,-2.85,38.35
2011-08-22,38.35,39.0,35.75,37.0,675000,25162000,299,-1.35,37.0
2011-08-23,36.7,37.9,36.7,37.85,165000,6181000,134,0.85,37.85
2011-08-24,38.35,39.35,38.0,38.0,696000,26842000,331,0.15,38.0
2011-08-25,38.5,38.7,37.45,38.35,236000,9004000,125,0.35,38.35
2011-08-26,35.7,37.5,35.7,36.0,749000,27044000,400,-2.35,36.0
2011-08-29,36.3,36.5,35.45,35.7,239000,8630000,124,-0.3,35.7
2011-08-30,36.4,37.25,36.0,37.0,345000,12679000,204,1.3,37.0
2011-08-31,36.8,37.0,36.25,36.85,101000,3717000,77,-0.15,36.85
2011-09-01,37.15,38.7,37.15,37.7,408000,15546000,263,0.85,37.7
2011-09-02,37.7,37.7,37.1,37.7,87000,3255000,66,0.0,37.7
2011-09-05,37.0,37.0,36.15,36.2,163000,5937000,111,-1.5,36.2
2011-09-06,37.0,37.25,36.2,36.3,241000,8841000,130,0.1,36.3
2011-09-07,36.5,37.25,36.45,37.2,194000,7162000,102,0.9,37.2
2011-09-08,37.3,37.65,37.0,37.4,150000,5583000,70,0.2,37.4
2011-09-09,37.8,38.8,37.6,38.05,321000,12277000,195,0.65,38.05
2011-09-13,37.75,37.75,36.8,37.0,146000,5445000,86,-1.05,37.0
2011-09-14,37.2,37.2,34.45,34.45,615000,21530000,294,-2.55,34.45
2011-09-15,35.2,35.4,34.4,34.6,544000,18903000,236,0.15,34.6
2011-09-16,35.3,35.7,34.5,35.2,214000,7556000,126,0.6,35.2
2011-09-19,35.2,35.3,34.85,35.2,115000,4024000,65,0.0,35.2
2011-09-20,35.2,35.75,35.2,35.75,219000,7772000,82,0.55,35.75
2011-09-21,35.75,36.05,35.5,35.75,165000,5879000,88,0.0,35.75
2011-09-22,35.5,35.5,34.7,35.0,139000,4886000,71,-0.75,35.0
2011-09-23,34.5,34.5,32.6,33.3,248000,8305000,130,-1.7,33.3
2011-09-26,33.4,33.6,31.0,31.0,311000,10020000,182,-2.3,31.0
2011-09-27,31.6,32.2,30.0,30.8,289000,9046000,170,-0.2,30.8
2011-09-28,31.1,31.8,30.65,31.7,170000,5306000,97,0.9,31.7
2011-09-29,31.7,32.5,31.6,32.2,88000,2837000,64,0.5,32.2
2011-09-30,32.05,33.0,32.0,32.4,79000,2565000,52,0.2,32.4
2011-10-03,31.8,32.0,31.3,31.8,73000,2315000,44,-0.6,31.8
2011-10-04,31.2,32.7,31.2,32.6,168000,5396000,89,0.8,32.6
2011-10-05,32.6,32.85,32.5,32.85,64000,2089000,47,0.25,32.85
2011-10-06,32.85,33.9,32.85,33.55,144000,4829000,89,0.7,33.55
2011-10-07,34.5,34.5,33.7,34.0,97000,3299000,67,0.45,34.0
2011-10-11,35.85,36.35,35.3,35.95,721000,26077000,258,1.95,35.95
2011-10-12,35.65,35.7,35.15,35.6,237000,8403000,125,-0.35,35.6
2011-10-13,35.8,35.85,35.4,35.7,88000,3139000,64,0.1,35.7
2011-10-14,35.5,35.6,35.2,35.25,108000,3821000,56,-0.45,35.25
2011-10-17,35.4,35.6,35.2,35.5,119000,4200000,60,0.25,35.5
2011-10-18,35.15,35.15,34.45,34.5,82000,2845000,39,-1.0,34.5
2011-10-19,34.8,35.9,34.8,34.85,136000,4801000,70,0.35,34.85
2011-10-20,34.8,34.95,34.45,34.5,127000,4384000,62,-0.35,34.5
2011-10-21,34.05,34.85,34.05,34.85,86000,2949000,47,0.35,34.85
2011-10-24,35.15,35.6,35.1,35.5,95000,3383000,54,0.65,35.5
2011-10-25,35.9,36.2,35.8,36.1,113000,4072000,80,0.6,36.1
2011-10-26,36.1,36.85,36.1,36.85,307000,11198000,188,0.75,36.85
2011-10-27,37.65,38.5,37.15,38.2,439000,16650000,308,1.35,38.2
2011-10-28,38.35,38.5,36.8,37.4,534000,20006000,253,-0.8,37.4
2011-10-31,36.8,37.9,36.7,37.0,139000,5168000,69,-0.4,37.0
2011-11-01,37.0,37.5,36.65,37.45,267000,9962000,116,0.45,37.45
2011-11-02,36.2,37.3,35.85,37.25,77000,2813000,58,-0.2,37.25
2011-11-03,36.8,37.0,35.85,35.85,201000,7309000,98,-1.4,35.85
2011-11-04,36.2,36.7,36.2,36.45,93000,3391000,80,0.6,36.45
2011-11-07,36.45,37.3,36.4,36.8,137000,5065000,88,0.35,36.8
2011-11-08,37.0,37.0,36.4,36.4,143000,5246000,73,-0.4,36.4
2011-11-09,36.5,36.7,35.6,35.6,191000,6901000,102,-0.8,35.6
2011-11-10,35.2,35.3,33.5,34.15,222000,7595000,153,-1.45,34.15
2011-11-11,34.15,35.2,33.95,34.5,73000,2516000,64,0.35,34.5
2011-11-14,34.65,35.05,34.5,34.5,91000,3146000,67,0.0,34.5
2011-11-15,34.2,34.5,33.6,33.7,119000,4054000,64,-0.8,33.7
2011-11-16,34.0,34.1,33.6,33.7,44000,1472000,35,0.0,33.7
2011-11-17,33.5,33.7,33.5,33.5,75000,2511000,39,-0.2,33.5
2011-11-18,33.3,33.4,32.9,32.9,70000,2313000,49,-0.6,32.9
2011-11-21,32.65,32.65,31.5,32.3,101000,3240000,73,-0.6,32.3
2011-11-22,31.0,32.0,30.05,30.05,409000,12488000,210,-2.25,30.05
2011-11-23,30.0,30.1,27.95,27.95,379000,10777000,193,-2.1,27.95
2011-11-24,27.0,27.5,26.0,26.4,828000,21756000,379,-1.55,26.4
2011-11-25,26.0,27.8,26.0,26.6,292000,7825000,174,0.2,26.6
2011-11-28,27.05,27.1,26.6,26.6,140000,3764000,87,0.0,26.6
2011-11-29,26.9,27.6,26.9,27.4,143000,3870000,95,0.8,27.4
2011-11-30,27.4,27.4,26.0,26.45,148000,3942000,106,-0.95,26.45
2011-12-01,27.2,27.75,26.9,27.3,197000,5381000,116,0.85,27.3
2011-12-02,27.25,27.25,26.5,26.6,136000,3625000,86,-0.7,26.6
2011-12-05,26.6,27.3,26.5,26.9,58000,1563000,51,0.3,26.9
2011-12-06,27.15,27.45,26.8,26.85,151000,4098000,102,-0.05,26.85
2011-12-07,26.6,27.05,26.2,26.5,115000,3032000,77,-0.35,26.5
2011-12-08,26.1,26.1,24.65,24.8,393000,9866000,219,-1.7,24.8
2011-12-09,24.8,26.4,24.1,26.0,521000,13215000,278,1.2,26.0
2011-12-12,26.5,27.8,26.5,27.8,337000,9338000,194,1.8,27.8
2011-12-13,27.75,28.5,27.65,28.0,361000,10137000,276,0.2,28.0
2011-12-14,27.8,28.4,27.75,27.8,74000,2077000,61,-0.2,27.8
2011-12-15,27.55,27.55,26.25,26.35,166000,4454000,130,-1.45,26.35
2011-12-16,26.35,26.85,26.35,26.55,60000,1595000,37,0.2,26.55
2011-12-19,26.2,26.5,24.7,24.9,312000,7872000,200,-1.65,24.9
2011-12-20,24.2,25.05,24.2,25.0,110000,2724000,65,0.1,25.0
2011-12-21,25.5,26.6,25.5,26.0,189000,4952000,132,1.0,26.0
2011-12-22,26.15,26.4,25.8,25.9,107000,2788000,64,-0.1,25.9
2011-12-23,25.9,27.65,25.9,27.25,232000,6262000,167,1.35,27.25
2011-12-26,27.8,27.8,27.1,27.25,149000,4072000,79,0.0,27.25
2011-12-27,27.55,29.15,27.25,29.15,432000,12335000,261,1.9,29.15
2011-12-28,29.15,30.4,28.6,29.25,898000,26586000,545,0.1,29.25
2011-12-29,28.65,29.15,28.5,29.0,180000,5196000,117,-0.25,29.0
2011-12-30,29.3,31.0,29.3,31.0,1585000,48749000,726,2.0,31.0
2012-01-02,30.85,31.0,29.4,29.5,663000,20079000,388,-1.5,29.5
2012-01-03,29.6,31.55,29.5,31.55,1106000,34306000,577,2.05,31.55
2012-01-04,31.55,32.6,31.15,31.7,1001000,31965000,622,0.15,31.7
2012-01-05,31.6,32.3,31.2,32.0,280000,8914000,193,0.3,32.0
2012-01-06,31.9,32.25,31.5,31.5,398000,12660000,202,-0.5,31.5
2012-01-09,31.5,32.7,31.25,31.35,896000,28534000,433,-0.15,31.35
2012-01-10,31.6,32.0,30.3,30.6,482000,14939000,273,-0.75,30.6
2012-01-11,30.6,30.85,29.7,30.1,575000,17393000,243,-0.5,30.1
2012-01-12,29.9,30.1,29.4,29.9,430000,12798000,206,-0.2,29.9
2012-01-13,30.8,30.8,29.6,29.6,418000,12638000,225,-0.3,29.6
2012-01-16,30.5,31.65,29.8,31.65,757000,23414000,426,2.05,31.65
2012-01-17,31.9,33.35,31.65,32.4,889000,29051000,566,0.75,32.4
2012-01-18,32.4,33.2,32.4,32.5,701000,22962000,375,0.1,32.5
2012-01-30,33.5,34.2,33.15,33.15,601000,20156000,309,0.65,33.15
2012-01-31,33.85,35.45,33.2,34.5,1523000,52613000,743,1.35,34.5
2012-02-01,34.55,36.9,34.25,36.9,1329000,48383000,685,2.4,36.9
2012-02-02,36.5,38.3,36.5,36.8,1162000,43301000,616,-0.1,36.8
2012-02-03,36.8,37.4,36.1,37.1,769000,28347000,446,0.3,37.1
2012-02-04,37.8,38.75,37.1,37.1,1262000,47940000,601,0.0,37.1
2012-02-06,37.0,37.4,36.4,36.55,829000,30522000,490,-0.55,36.55
2012-02-07,36.6,39.1,36.5,39.1,1794000,69096000,778,2.55,39.1
2012-02-08,39.5,39.9,38.9,39.5,1545000,60880000,737,0.4,39.5
2012-02-09,39.0,39.0,37.7,37.95,1682000,64379000,801,-1.55,37.95
2012-02-10,38.0,38.85,37.8,38.2,720000,27581000,350,0.25,38.2
2012-02-13,38.2,39.1,37.85,38.5,387000,14895000,261,0.3,38.5
2012-02-14,39.05,41.1,38.65,39.75,1513000,60509000,890,1.25,39.75
2012-02-15,40.2,40.3,39.45,39.85,712000,28350000,385,0.1,39.85
2012-02-16,40.3,41.0,37.65,38.35,944000,37456000,544,-1.5,38.35
2012-02-17,38.5,39.2,37.5,37.85,590000,22620000,324,-0.5,37.85
2012-02-20,38.55,39.1,38.2,38.9,282000,10920000,196,1.05,38.9
2012-02-21,38.55,39.7,38.55,39.0,486000,19089000,255,0.1,39.0
2012-02-22,39.05,40.85,39.05,39.8,859000,34466000,447,0.8,39.8
2012-02-23,40.2,42.0,40.2,41.0,1334000,54916000,656,1.2,41.0
2012-02-24,41.5,41.5,39.9,40.0,532000,21471000,295,-1.0,40.0
2012-02-29,40.2,40.5,39.1,39.15,653000,25868000,286,-0.85,39.15
2012-03-01,39.3,39.95,39.2,39.45,204000,8063000,141,0.3,39.45
2012-03-02,39.5,40.5,39.3,39.7,730000,29156000,396,0.25,39.7
2012-03-03,40.3,42.45,39.85,42.45,2108000,88786000,830,2.75,42.45
2012-03-05,42.95,43.9,42.4,42.8,2010000,86622000,1049,0.35,42.8
2012-03-06,43.0,43.35,40.6,41.0,1008000,41758000,512,-1.8,41.0
2012-03-07,39.9,42.2,39.9,41.5,648000,26744000,361,0.5,41.5
2012-03-08,41.7,44.3,41.7,44.3,2202000,95898000,1158,2.8,44.3
2012-03-09,44.3,45.6,43.7,44.3,1381000,61719000,758,0.0,44.3
2012-03-12,43.0,43.3,41.3,41.5,1385000,58427000,796,-2.8,41.5
2012-03-13,41.75,43.65,41.55,43.65,1904000,81270000,1003,2.15,43.65
2012-03-14,44.0,44.3,42.65,42.65,1130000,49083000,630,-1.0,42.65
2012-03-15,42.8,42.8,41.65,41.8,655000,27499000,359,-0.85,41.8
2012-03-16,41.7,42.5,40.95,41.3,878000,36514000,501,-0.5,41.3
2012-03-19,41.3,41.6,40.2,40.3,431000,17480000,285,-1.0,40.3
2012-03-20,40.3,40.9,39.6,39.7,535000,21420000,319,-0.6,39.7
2012-03-21,40.0,40.45,39.35,40.2,317000,12625000,197,0.5,40.2
2012-03-22,40.2,40.4,39.6,39.8,285000,11392000,169,-0.4,39.8
2012-03-23,39.8,41.2,39.8,40.7,442000,17988000,275,0.9,40.7
2012-03-26,40.5,40.5,40.1,40.3,221000,8891000,135,-0.4,40.3
2012-03-27,40.4,40.95,39.65,39.7,255000,10246000,165,-0.6,39.7
2012-03-28,39.8,40.1,39.6,39.7,248000,9862000,129,0.0,39.7
2012-03-29,39.6,39.6,36.95,36.95,1364000,50922000,592,-2.75,36.95
2012-03-30,36.75,37.65,36.5,37.05,392000,14568000,229,0.1,37.05
2012-04-02,37.4,37.7,36.55,36.7,288000,10705000,179,-0.35,36.7
2012-04-03,37.0,37.1,34.15,34.15,932000,32442000,430,-2.55,34.15
2012-04-05,33.5,35.95,32.2,35.85,789000,26785000,525,1.7,35.85
2012-04-06,35.9,38.35,35.25,38.0,1028000,38472000,586,2.15,38.0
2012-04-09,37.5,38.4,36.75,37.85,564000,21237000,352,-0.15,37.85
2012-04-10,39.0,40.0,38.5,38.75,744000,29113000,482,0.9,38.75
2012-04-11,38.25,39.45,38.25,38.8,248000,9647000,166,0.05,38.8
2012-04-12,39.0,39.7,38.5,39.15,298000,11678000,188,0.35,39.15
2012-04-13,39.15,39.7,39.15,39.6,345000,13626000,208,0.45,39.6
2012-04-16,38.85,39.8,38.35,38.35,160000,6226000,116,-1.25,38.35
2012-04-17,38.5,38.5,36.55,36.6,363000,13537000,213,-1.75,36.6
2012-04-18,37.0,37.4,36.1,36.2,307000,11253000,173,-0.4,36.2
2012-04-19,36.2,37.25,36.0,36.85,145000,5314000,110,0.65,36.85
2012-04-20,36.7,37.2,36.0,36.45,231000,8437000,146,-0.4,36.45
2012-04-23,36.0,36.45,35.25,35.25,198000,7072000,120,-1.2,35.25
2012-04-24,34.8,35.6,34.5,35.5,243000,8528000,150,0.25,35.5
2012-04-25,35.75,36.85,35.75,36.7,231000,8388000,163,1.2,36.7
2012-04-26,36.9,37.15,36.5,36.5,203000,7461000,121,-0.2,36.5
2012-04-27,36.9,37.2,35.8,36.0,163000,5942000,106,-0.5,36.0
2012-04-30,36.0,36.1,35.1,35.4,111000,3942000,79,-0.6,35.4
2012-05-02,36.0,37.4,36.0,36.85,279000,10264000,165,1.45,36.85
2012-05-03,37.2,38.25,37.1,37.35,315000,11885000,182,0.5,37.35
2012-05-04,37.35,38.2,37.35,37.9,224000,8478000,163,0.55,37.9
2012-05-07,37.2,37.3,36.8,36.8,135000,5019000,97,-1.1,36.8
2012-05-08,37.0,37.6,36.8,37.0,136000,5027000,104,0.2,37.0
2012-05-09,36.65,36.95,36.2,36.2,156000,5711000,82,-0.8,36.2
2012-05-10,36.25,36.8,36.0,36.0,116000,4224000,66,-0.2,36.0
2012-05-11,36.0,36.25,35.6,36.0,117000,4205000,62,0.0,36.0
2012-05-14,36.25,36.25,35.9,36.0,95000,3426000,45,0.0,36.0
2012-05-15,35.8,36.75,35.4,36.75,94000,3415000,60,0.75,36.75
2012-05-16,36.75,36.75,35.7,35.7,140000,5061000,71,-1.05,35.7
2012-05-17,36.2,36.2,35.9,36.2,41000,1480000,27,0.5,36.2
2012-05-18,35.9,35.9,34.8,35.0,103000,3633000,83,-1.2,35.0
2012-05-21,35.0,35.45,35.0,35.0,87000,3057000,44,0.0,35.0
2012-05-22,35.2,35.75,35.2,35.4,63000,2247000,50,0.4,35.4
2012-05-23,35.4,35.4,34.65,34.65,45000,1568000,33,-0.75,34.65
2012-05-24,34.65,34.9,33.75,33.8,131000,4492000,90,-0.85,33.8
2012-05-25,33.0,34.0,33.0,33.2,160000,5324000,89,-0.6,33.2
2012-05-28,33.3,33.55,32.55,33.2,127000,4218000,97,0.0,33.2
2012-05-29,33.3,35.15,33.3,35.1,219000,7528000,154,1.9,35.1
2012-05-30,34.85,34.9,34.35,34.7,78000,2694000,52,-0.4,34.7
2012-05-31,34.1,34.5,33.65,34.15,117000,3984000,95,-0.55,34.15
2012-06-01,34.0,34.2,33.45,33.45,114000,3838000,83,-0.7,33.45
2012-06-04,32.7,33.0,32.4,32.9,121000,3947000,86,-0.55,32.9
2012-06-05,33.1,34.0,33.05,33.1,119000,3970000,72,0.2,33.1
2012-06-06,33.3,33.8,33.3,33.4,47000,1591000,36,0.3,33.4
2012-06-07,34.0,34.0,33.05,33.1,90000,3019000,61,-0.3,33.1
2012-06-08,33.1,33.15,32.55,32.85,96000,3155000,67,-0.25,32.85
2012-06-11,33.2,33.3,32.8,33.0,113000,3731000,63,0.15,33.0
2012-06-12,32.9,32.95,32.5,32.9,33000,1083000,23,-0.1,32.9
2012-06-13,33.1,33.5,33.1,33.2,77000,2564000,51,0.3,33.2
2012-06-14,33.0,33.4,32.85,33.15,43000,1425000,33,-0.05,33.15
2012-06-15,33.4,33.8,33.05,33.6,88000,2955000,48,0.45,33.6
2012-06-18,34.0,34.55,33.9,34.2,256000,8775000,141,0.6,34.2
2012-06-19,34.2,34.3,33.85,33.85,50000,1709000,40,-0.35,33.85
2012-06-20,34.0,34.25,34.0,34.1,77000,2628000,52,0.25,34.1
2012-06-21,34.1,34.3,34.1,34.2,91000,3113000,42,0.1,34.2
2012-06-22,33.8,34.0,33.75,34.0,52000,1762000,35,-0.2,34.0
2012-06-25,33.9,34.3,33.9,34.1,104000,3547000,44,0.1,34.1
2012-06-26,33.7,34.1,33.7,33.8,32000,1087000,28,-0.3,33.8
2012-06-27,34.3,34.3,33.7,33.8,69000,2342000,50,0.0,33.8
2012-06-28,34.0,34.0,33.8,33.8,41000,1388000,24,0.0,33.8
2012-06-29,33.8,34.25,33.8,34.0,101000,3448000,55,0.2,34.0
2012-07-02,34.1,35.15,33.7,34.9,152000,5282000,93,0.9,34.9
2012-07-03,35.5,35.5,34.6,35.0,94000,3288000,68,0.1,35.0
2012-07-04,35.4,35.4,34.6,34.9,111000,3878000,59,-0.1,34.9
2012-07-05,34.9,34.95,34.8,34.8,124000,4326000,67,-0.1,34.8
2012-07-06,35.2,35.2,34.3,34.3,68000,2347000,41,-0.5,34.3
2012-07-09,34.3,34.65,34.15,34.15,48000,1651000,33,-0.15,34.15
2012-07-10,34.45,34.8,33.9,34.2,114000,3923000,68,0.05,34.2
2012-07-11,34.2,34.2,33.8,34.05,65000,2209000,42,-0.15,34.05
2012-07-12,34.0,34.0,33.45,33.5,79000,2658000,60,-0.55,33.5
2012-07-13,33.5,33.5,33.0,33.4,77000,2557000,49,-0.1,33.4
2012-07-16,33.5,33.5,32.85,32.85,102000,3374000,78,-0.55,32.85
2012-07-17,33.0,33.45,32.9,33.1,83000,2745000,59,0.25,33.1
2012-07-18,33.15,33.2,32.95,32.95,38000,1259000,26,-0.15,32.95
2012-07-19,33.2,33.3,32.6,33.0,137000,4522000,88,0.05,33.0
2012-07-20,32.8,33.1,32.6,32.6,73000,2387000,38,-0.4,32.6
2012-07-23,32.6,32.65,32.35,32.4,39000,1258000,30,-0.2,32.4
2012-07-24,32.3,32.4,31.5,32.0,108000,3467000,65,-0.4,32.0
2012-07-25,32.0,32.75,32.0,32.3,109000,3532000,45,0.3,32.3
2012-07-26,32.5,32.6,32.2,32.2,82000,2659000,51,-0.1,32.2
2012-07-27,32.6,32.75,32.25,32.35,96000,3132000,56,0.15,32.35
2012-07-30,32.4,33.2,32.1,32.7,214000,6976000,134,0.35,32.7
2012-07-31,30.65,30.85,30.5,30.6,191000,5860000,109,0.4,30.6
2012-08-01,30.6,30.6,30.1,30.3,100000,3036000,64,-0.3,30.3
2012-08-03,30.1,30.2,30.0,30.05,154000,4637000,67,-0.25,30.05
2012-08-06,30.6,30.6,29.85,30.0,129000,3884000,84,-0.05,30.0
2012-08-07,29.95,30.45,29.6,29.7,128000,3839000,75,-0.3,29.7
2012-08-08,29.7,30.1,29.6,30.0,94000,2811000,42,0.3,30.0
2012-08-09,30.0,31.0,30.0,31.0,226000,6910000,118,1.0,31.0
2012-08-10,31.0,31.1,30.75,30.8,66000,2042000,44,-0.2,30.8
2012-08-13,31.4,31.4,30.9,31.0,89000,2789000,48,0.2,31.0
2012-08-14,31.05,31.2,30.7,30.7,79000,2456000,58,-0.3,30.7
2012-08-15,30.7,30.9,30.7,30.8,24000,739000,17,0.1,30.8
2012-08-16,31.1,32.1,31.1,32.1,238000,7573000,140,1.3,32.1
2012-08-17,32.5,32.5,31.55,32.0,110000,3513000,65,-0.1,32.0
2012-08-20,31.75,31.9,31.5,31.85,32000,1017000,20,-0.15,31.85
2012-08-21,31.6,32.0,31.6,31.95,50000,1597000,28,0.1,31.95
2012-08-22,32.0,32.0,31.6,32.0,47000,1483000,34,0.05,32.0
2012-08-23,32.0,32.3,31.65,32.2,82000,2635000,60,0.2,32.2
2012-08-24,31.85,32.15,31.6,31.85,67000,2120000,56,-0.35,31.85
2012-08-27,31.85,32.3,31.85,32.0,65000,2077000,52,0.15,32.0
2012-08-28,32.0,32.35,31.9,32.0,90000,2877000,67,0.0,32.0
2012-08-29,32.0,32.1,31.8,32.0,53000,1697000,52,0.0,32.0
2012-08-30,31.7,32.65,31.7,32.4,122000,3971000,82,0.4,32.4
2012-08-31,32.4,32.7,32.4,32.55,45000,1467000,46,0.15,32.55
2012-09-03,32.55,32.75,32.4,32.75,44000,1433000,39,0.2,32.75
2012-09-04,32.8,32.8,32.5,32.75,104000,3389000,55,0.0,32.75
2012-09-05,32.5,32.5,32.0,32.1,128000,4106000,80,-0.65,32.1
2012-09-06,32.2,32.65,32.2,32.6,157000,5089000,82,0.5,32.6
2012-09-07,34.85,34.85,34.85,34.85,306000,10650000,208,2.25,34.85
2012-09-10,37.25,37.25,36.3,36.3,1402000,51768000,784,1.45,36.3
2012-09-11,36.0,36.6,35.9,35.9,273000,9867000,209,-0.4,35.9
2012-09-12,36.1,38.4,36.1,37.6,1236000,46836000,720,1.7,37.6
2012-09-13,37.5,37.95,37.05,37.1,484000,18076000,320,-0.5,37.1
2012-09-14,37.45,37.85,37.15,37.15,365000,13658000,249,0.05,37.15
2012-09-17,37.2,37.6,36.1,36.85,371000,13602000,231,-0.3,36.85
2012-09-18,36.3,36.7,36.1,36.45,286000,10401000,147,-0.4,36.45
2012-09-19,36.7,36.95,36.2,36.9,194000,7096000,140,0.45,36.9
2012-09-20,36.9,37.05,35.8,36.0,218000,7899000,146,-0.9,36.0
2012-09-21,36.0,36.75,36.0,36.75,144000,5242000,107,0.75,36.75
2012-09-24,36.6,36.85,36.3,36.5,113000,4129000,96,-0.25,36.5
2012-09-25,36.6,36.6,35.85,35.85,149000,5380000,111,-0.65,35.85
2012-09-26,35.15,35.8,34.7,34.9,302000,10597000,166,-0.95,34.9
2012-09-27,34.65,35.15,34.5,34.5,223000,7765000,117,-0.4,34.5
2012-09-28,34.5,36.0,34.5,35.2,245000,8696000,136,0.7,35.2
2012-10-01,35.5,35.75,35.1,35.2,78000,2747000,61,0.0,35.2
2012-10-02,35.4,35.9,35.2,35.35,115000,4086000,85,0.15,35.35
2012-10-03,35.15,37.8,35.15,37.8,982000,36622000,542,2.45,37.8
2012-10-04,39.9,39.9,38.2,38.45,1751000,68394000,968,0.65,38.45
2012-10-05,38.45,38.8,38.15,38.15,498000,19149000,295,-0.3,38.15
2012-10-08,39.0,40.3,38.7,39.4,1479000,58598000,876,1.25,39.4
2012-10-09,39.3,39.3,37.65,37.8,649000,24950000,424,-1.6,37.8
2012-10-11,37.2,38.3,37.2,37.6,346000,13119000,227,-0.2,37.6
2012-10-12,37.7,38.0,37.2,37.2,175000,6549000,142,-0.4,37.2
2012-10-15,37.2,37.4,36.05,36.15,305000,11164000,207,-1.05,36.15
2012-10-16,36.15,36.55,35.25,36.2,191000,6904000,121,0.05,36.2
2012-10-17,36.4,36.8,36.15,36.5,120000,4378000,82,0.3,36.5
2012-10-18,36.95,36.95,36.05,36.3,125000,4561000,96,-0.2,36.3
2012-10-19,36.5,36.85,36.25,36.3,158000,5754000,102,0.0,36.3
2012-10-22,36.3,38.8,36.1,38.8,986000,37912000,546,2.5,38.8
2012-10-23,38.8,38.95,37.8,37.95,738000,28264000,429,-0.85,37.95
2012-10-24,37.9,38.6,37.5,38.05,373000,14204000,235,0.1,38.05
2012-10-25,38.6,38.6,37.55,37.55,203000,7689000,146,-0.5,37.55
2012-10-26,37.6,37.8,36.25,37.0,523000,19312000,268,-0.55,37.0
2012-10-29,37.0,37.0,36.25,36.4,125000,4588000,103,-0.6,36.4
2012-10-30,37.0,37.75,36.5,36.5,209000,7717000,133,0.1,36.5
2012-10-31,37.6,38.0,37.0,37.7,357000,13418000,285,1.2,37.7
2012-11-01,37.7,40.0,37.7,39.2,1336000,52178000,872,1.5,39.2
2012-11-02,39.75,39.9,38.9,39.3,756000,29788000,460,0.1,39.3
2012-11-05,39.2,40.8,38.9,39.75,840000,33616000,568,0.45,39.75
2012-11-06,39.8,40.15,38.85,39.75,521000,20524000,346,0.0,39.75
2012-11-07,39.75,40.0,38.9,39.35,464000,18268000,327,-0.4,39.35
2012-11-08,38.9,38.9,38.25,38.4,465000,17879000,290,-0.95,38.4
2012-11-09,38.1,38.7,38.05,38.5,267000,10240000,178,0.1,38.5
2012-11-12,38.5,38.8,38.2,38.5,136000,5237000,94,0.0,38.5
2012-11-13,38.7,39.95,38.5,39.1,940000,37070000,663,0.6,39.1
2012-11-14,39.15,40.15,39.15,39.35,452000,17906000,326,0.25,39.35
2012-11-15,39.25,39.7,38.8,39.4,389000,15254000,273,0.05,39.4
2012-11-16,39.6,40.7,39.55,39.9,847000,33947000,556,0.5,39.9
2012-11-19,39.9,39.9,37.65,37.8,685000,26466000,442,-2.1,37.8
2012-11-20,38.0,38.3,37.75,37.75,232000,8807000,168,-0.05,37.75
2012-11-21,38.0,38.0,37.0,37.0,302000,11243000,200,-0.75,37.0
2012-11-22,37.3,37.45,36.8,37.0,180000,6666000,117,0.0,37.0
2012-11-23,37.6,37.95,37.25,37.7,199000,7478000,139,0.7,37.7
2012-11-26,37.7,38.2,37.7,37.7,166000,6293000,131,0.0,37.7
2012-11-27,37.95,38.7,37.8,38.35,300000,11504000,191,0.65,38.35
2012-11-28,38.4,38.4,37.85,38.0,159000,6066000,118,-0.35,38.0
2012-11-29,38.1,38.6,38.0,38.15,163000,6241000,113,0.15,38.15
2012-11-30,38.15,38.45,38.0,38.3,132000,5060000,83,0.15,38.3
2012-12-03,38.3,38.55,38.0,38.0,152000,5798000,109,-0.3,38.0
2012-12-04,38.0,38.0,37.1,37.45,234000,8757000,163,-0.55,37.45
2012-12-05,37.2,37.7,37.0,37.45,241000,8982000,158,0.0,37.45
2012-12-06,37.45,38.2,37.45,37.8,246000,9322000,197,0.35,37.8
2012-12-07,37.95,38.1,37.8,37.9,78000,2947000,67,0.1,37.9
2012-12-10,37.5,37.5,36.8,37.0,286000,10574000,186,-0.9,37.0
2012-12-11,36.9,36.9,36.2,36.65,217000,7907000,143,-0.35,36.65
2012-12-12,36.55,36.7,36.25,36.3,249000,9070000,175,-0.35,36.3
2012-12-13,36.3,36.8,36.3,36.6,152000,5563000,108,0.3,36.6
2012-12-14,36.6,36.8,36.3,36.3,105000,3846000,84,-0.3,36.3
2012-12-17,36.3,36.5,36.3,36.5,85000,3098000,59,0.2,36.5
2012-12-18,36.5,36.5,36.15,36.3,74000,2689000,51,-0.2,36.3
2012-12-19,36.3,36.75,36.3,36.7,44000,1611000,41,0.4,36.7
2012-12-20,36.7,37.0,36.5,36.5,83000,3065000,74,-0.2,36.5
2012-12-21,36.5,36.85,36.3,36.35,94000,3430000,71,-0.15,36.35
2012-12-22,36.05,36.7,35.95,36.5,108000,3914000,78,0.15,36.5
2012-12-24,36.85,38.3,36.7,37.95,395000,14899000,253,1.45,37.95
2012-12-25,38.2,38.5,37.95,38.1,334000,12786000,215,0.15,38.1
2012-12-26,38.1,38.2,37.5,37.75,237000,8973000,125,-0.35,37.75
2012-12-27,37.75,38.2,37.6,38.05,131000,4984000,95,0.3,38.05
2012-12-28,38.25,38.55,38.15,38.5,249000,9577000,141,0.45,38.5
2013-01-02,38.65,39.15,38.45,38.55,253000,9803000,142,0.05,38.55
2013-01-03,38.55,38.7,38.45,38.5,144000,5536000,101,-0.05,38.5
2013-01-04,38.5,39.8,38.2,39.35,468000,18427000,289,0.85,39.35
2013-01-07,40.0,40.0,38.9,38.9,289000,11306000,160,-0.45,38.9
2013-01-08,39.3,39.3,38.35,38.55,128000,4962000,84,-0.35,38.55
2013-01-09,38.65,40.3,38.65,39.95,800000,31926000,453,1.4,39.95
2013-01-10,40.0,42.7,39.6,42.1,2203000,91582000,1160,2.15,42.1
2013-01-11,42.1,43.45,42.0,42.95,1466000,62719000,867,0.85,42.95
2013-01-14,42.95,45.2,42.2,43.5,1725000,75669000,1079,0.55,43.5
2013-01-15,42.9,44.2,42.65,42.75,883000,38163000,533,-0.75,42.75
2013-01-16,42.75,44.75,42.1,43.6,1392000,60950000,903,0.85,43.6
2013-01-17,44.05,45.95,43.45,43.85,2876000,128774000,1763,0.25,43.85
2013-01-18,45.3,46.6,44.5,46.2,2563000,117368000,1475,2.35,46.2
2013-01-21,46.8,48.5,46.6,47.5,2083000,99391000,1262,1.3,47.5
2013-01-22,47.8,47.8,46.45,47.6,1036000,48843000,709,0.1,47.6
2013-01-23,47.8,47.85,46.85,47.15,630000,29804000,417,-0.45,47.15
2013-01-24,47.15,48.05,46.5,47.3,836000,39617000,596,0.15,47.3
2013-01-25,47.9,49.6,47.3,48.85,1854000,90183000,1250,1.55,48.85
2013-01-28,49.0,49.8,48.5,49.7,1094000,53991000,681,0.85,49.7
2013-01-29,49.7,50.5,49.25,49.6,668000,33209000,463,-0.1,49.6
2013-01-30,49.6,49.8,47.85,47.95,1062000,51645000,662,-1.65,47.95
2013-01-31,47.95,48.7,47.7,47.7,828000,39877000,570,-0.25,47.7
2013-02-01,47.7,48.3,47.1,48.3,1087000,51834000,604,0.6,48.3
2013-02-04,48.7,48.7,47.9,48.3,402000,19407000,247,0.0,48.3
2013-02-05,48.2,51.6,48.15,51.6,2420000,122933000,1250,3.3,51.6
2013-02-06,52.0,55.0,51.7,54.8,2681000,143007000,1728,3.2,54.8
2013-02-18,56.0,58.2,54.6,55.1,2309000,131173000,1446,0.3,55.1
2013-02-19,55.1,56.0,54.3,55.9,1045000,57762000,660,0.8,55.9
2013-02-20,56.5,58.0,55.7,55.7,1663000,94586000,965,-0.2,55.7
2013-02-21,55.0,56.4,54.4,55.1,1159000,63871000,762,-0.6,55.1
2013-02-22,55.2,55.9,54.2,55.1,685000,37680000,503,0.0,55.1
2013-02-23,55.5,57.4,55.5,56.7,1008000,57176000,701,1.6,56.7
2013-02-25,57.6,57.8,56.4,57.3,708000,40444000,479,0.6,57.3
2013-02-26,57.0,60.6,56.6,59.5,2230000,131834000,1447,2.2,59.5
2013-02-27,59.9,59.9,58.2,58.4,905000,53273000,605,-1.1,58.4
2013-03-01,58.4,59.1,57.6,57.9,624000,36431000,396,-0.5,57.9
2013-03-04,57.9,58.1,55.2,56.0,807000,45627000,514,-1.9,56.0
2013-03-05,56.2,57.6,55.2,57.3,1041000,58854000,648,1.3,57.3
2013-03-06,58.1,58.2,57.0,57.2,437000,25124000,292,-0.1,57.2
2013-03-07,57.0,60.0,57.0,59.7,1294000,76469000,870,2.5,59.7
2013-03-08,60.3,61.6,59.0,59.0,1390000,84078000,832,-0.7,59.0
2013-03-11,59.0,59.3,58.2,58.3,614000,36045000,390,-0.7,58.3
2013-03-12,59.9,60.0,58.5,58.5,780000,46240000,477,0.2,58.5
2013-03-13,59.0,59.0,57.0,58.2,541000,31344000,320,-0.3,58.2
2013-03-14,58.0,58.3,57.2,57.9,306000,17679000,192,-0.3,57.9
2013-03-15,58.1,59.0,57.4,58.0,461000,26855000,259,0.1,58.0
2013-03-18,58.0,58.0,56.6,57.0,312000,17810000,198,-1.0,57.0
2013-03-19,57.0,59.0,56.6,58.3,751000,43598000,458,1.3,58.3
2013-03-20,58.3,59.6,58.0,58.3,488000,28668000,306,0.0,58.3
2013-03-21,59.0,59.2,58.1,58.3,388000,22665000,246,0.0,58.3
2013-03-22,57.8,58.5,57.2,57.5,650000,37525000,430,-0.8,57.5
2013-03-25,57.4,58.3,57.2,57.8,341000,19720000,215,0.3,57.8
2013-03-26,58.0,61.0,58.0,60.7,2442000,146569000,1443,2.9,60.7
2013-03-27,61.3,63.3,60.8,61.4,2382000,148100000,1441,0.7,61.4
2013-03-28,61.5,62.0,60.7,60.9,590000,36038000,409,-0.5,60.9
2013-03-29,61.3,63.9,61.2,63.0,1537000,96359000,931,2.1,63.0
2013-04-01,64.5,65.1,62.8,62.9,1526000,97864000,960,-0.1,62.9
2013-04-02,63.0,63.7,62.6,63.2,489000,30887000,349,0.3,63.2
2013-04-03,63.5,64.5,62.7,64.5,857000,54713000,552,1.3,64.5
2013-04-08,63.0,63.5,62.0,62.7,1073000,67142000,650,-1.8,62.7
2013-04-09,64.3,64.3,62.4,63.0,1331000,84083000,758,0.3,63.0
2013-04-10,63.1,63.4,61.5,61.7,1065000,65991000,573,-1.3,61.7
2013-04-11,61.9,62.6,61.4,62.1,510000,31607000,346,0.4,62.1
2013-04-12,62.4,63.3,61.5,62.4,1231000,76912000,550,0.3,62.4
2013-04-15,62.2,62.2,58.1,58.1,1694000,99498000,876,-4.3,58.1
2013-04-16,56.1,58.0,54.9,58.0,1103000,61884000,682,-0.1,58.0
2013-04-17,58.0,59.9,57.1,59.0,661000,38713000,456,1.0,59.0
2013-04-18,59.0,60.9,58.5,59.5,794000,47627000,467,0.5,59.5
2013-04-19,59.5,60.5,59.1,59.3,302000,17964000,221,-0.2,59.3
2013-04-22,59.3,60.0,58.4,58.4,288000,16980000,206,-0.9,58.4
2013-04-23,58.4,59.3,57.9,57.9,356000,20828000,243,-0.5,57.9
2013-04-24,58.3,58.5,57.2,57.9,481000,27818000,300,0.0,57.9
2013-04-25,57.6,57.9,57.5,57.5,289000,16654000,153,-0.4,57.5
2013-04-26,57.5,60.1,57.5,57.6,682000,40368000,513,0.1,57.6
2013-04-29,58.3,59.2,57.7,58.1,349000,20417000,243,0.5,58.1
2013-04-30,58.9,60.0,58.4,59.3,686000,40768000,411,1.2,59.3
2013-05-02,59.3,60.2,59.0,59.2,443000,26391000,256,-0.1,59.2
2013-05-03,59.3,62.3,59.3,61.9,1548000,94786000,917,2.7,61.9
2013-05-06,62.3,62.5,59.0,59.2,1703000,102611000,852,-2.7,59.2
2013-05-07,58.9,58.9,57.4,57.6,1065000,61658000,540,-1.6,57.6
2013-05-08,57.3,58.3,55.1,56.1,1588000,90059000,863,-1.5,56.1
2013-05-09,56.1,56.9,55.2,55.5,1093000,61087000,608,-0.6,55.5
2013-05-10,55.5,56.2,55.3,55.3,543000,30176000,296,-0.2,55.3
2013-05-13,56.4,56.4,55.4,55.9,241000,13416000,144,0.6,55.9
2013-05-14,55.9,56.1,54.2,54.5,510000,28058000,265,-1.4,54.5
2013-05-15,54.5,55.1,53.5,55.1,588000,32003000,317,0.6,55.1
2013-05-16,55.2,57.8,55.1,56.1,629000,35514000,379,1.0,56.1
2013-05-17,55.6,56.5,55.2,56.4,338000,18918000,227,0.3,56.4
2013-05-20,56.5,57.3,55.7,56.5,336000,19050000,181,0.1,56.5
2013-05-21,57.0,58.5,56.5,56.9,1001000,57452000,490,0.4,56.9
2013-05-22,56.9,57.5,55.8,56.2,528000,29729000,308,-0.7,56.2
2013-05-23,55.8,56.5,54.8,54.8,494000,27357000,241,-1.4,54.8
2013-05-24,54.8,54.8,53.0,54.1,792000,42571000,448,-0.7,54.1
2013-05-27,54.5,55.2,53.1,55.0,546000,29672000,272,0.9,55.0
2013-05-28,55.5,58.3,55.0,57.1,1725000,98595000,960,2.1,57.1
2013-05-29,57.5,60.2,57.5,59.4,3025000,178329000,1606,2.3,59.4
2013-05-30,59.8,60.4,59.0,59.8,1064000,63447000,694,0.4,59.8
2013-05-31,60.5,62.5,59.6,60.1,2530000,154464000,1418,0.3,60.1
2013-06-03,58.8,59.5,58.5,58.8,810000,47783000,505,-1.3,58.8
2013-06-04,58.5,59.5,58.3,58.7,548000,32251000,315,-0.1,58.7
2013-06-05,59.0,60.4,58.1,58.2,692000,40896000,444,-0.5,58.2
2013-06-06,58.0,58.9,57.2,57.7,324000,18747000,239,-0.5,57.7
2013-06-07,57.8,59.8,57.0,57.5,773000,45273000,508,-0.2,57.5
2013-06-10,58.9,59.3,57.5,57.7,749000,43753000,450,0.2,57.7
2013-06-11,58.5,58.5,57.5,57.8,275000,15933000,191,0.1,57.8
2013-06-13,57.4,57.8,55.9,55.9,555000,31434000,298,-1.9,55.9
2013-06-14,56.7,56.7,55.4,55.6,338000,18910000,198,-0.3,55.6
2013-06-17,55.7,58.2,55.7,58.2,526000,29937000,313,2.6,58.2
2013-06-18,58.9,61.8,57.8,60.1,3173000,192635000,1831,1.9,60.1
2013-06-19,60.8,61.2,59.3,59.9,1288000,77697000,722,-0.2,59.9
2013-06-20,59.6,60.5,58.4,59.1,820000,48487000,430,-0.8,59.1
2013-06-21,58.0,59.3,57.9,58.6,694000,40593000,389,-0.5,58.6
2013-06-24,58.8,59.5,58.2,58.6,531000,31227000,278,0.0,58.6
2013-06-25,58.7,58.7,56.0,56.5,957000,54645000,568,-2.1,56.5
2013-06-26,58.3,58.3,56.8,58.2,590000,33964000,371,1.7,58.2
2013-06-27,58.8,59.5,58.2,58.9,609000,35797000,368,0.7,58.9
2013-06-28,59.1,60.4,58.2,58.2,906000,53838000,540,-0.7,58.2
2013-07-01,58.5,59.0,57.8,58.9,364000,21270000,242,0.7,58.9
2013-07-02,59.3,59.5,58.2,58.2,401000,23557000,233,-0.7,58.2
2013-07-03,58.8,58.8,57.6,57.6,288000,16703000,173,-0.6,57.6
2013-07-04,57.9,59.2,57.6,58.3,515000,30175000,340,0.7,58.3
2013-07-05,59.1,61.5,58.7,60.8,2745000,166527000,1565,2.5,60.8
2013-07-08,61.8,62.6,60.5,61.0,1769000,109092000,1001,0.2,61.0
2013-07-09,60.5,60.8,59.3,60.4,1316000,78918000,676,-0.6,60.4
2013-07-10,60.9,62.3,60.6,60.8,2053000,126420000,1267,0.4,60.8
2013-07-11,62.0,62.0,59.8,60.5,1238000,75377000,623,-0.3,60.5
2013-07-12,61.3,62.0,60.1,62.0,1412000,86414000,697,1.5,62.0
2013-07-15,62.3,66.3,62.3,66.3,5938000,388518000,2392,4.3,66.3
2013-07-16,66.9,69.2,65.9,68.4,5027000,339892000,2912,2.1,68.4
2013-07-17,68.5,69.2,66.5,68.0,3271000,221545000,1795,-0.4,68.0
2013-07-18,68.0,70.4,67.1,67.8,3414000,235066000,2227,-0.2,67.8
2013-07-19,68.9,69.5,66.2,66.4,2856000,193700000,1716,-1.4,66.4
2013-07-22,66.4,67.7,66.2,67.2,1415000,94784000,831,0.8,67.2
2013-07-23,67.5,70.0,66.8,69.8,1692000,116557000,1011,2.6,69.8
2013-07-24,69.5,73.5,69.1,71.7,2624000,188078000,1393,1.9,71.7
2013-07-25,73.0,73.5,71.3,72.2,2690000,194614000,1386,0.5,72.2
2013-07-26,67.7,69.5,67.5,68.1,3259000,222875000,1863,0.3,68.1
2013-07-29,69.0,69.0,66.6,66.8,1219000,82110000,755,-1.3,66.8
2013-07-30,67.0,67.8,66.3,66.7,887000,59479000,571,-0.1,66.7
2013-07-31,66.7,71.3,66.7,71.3,2690000,188936000,1288,4.6,71.3
2013-08-01,74.0,76.2,72.0,76.2,6283000,470401000,3329,4.9,76.2
2013-08-02,78.1,81.5,77.1,80.5,5698000,454521000,3171,4.3,80.5
2013-08-05,79.5,80.5,78.3,79.8,2478000,197432000,1353,-0.7,79.8
2013-08-06,79.8,84.0,79.8,81.7,3267000,268290000,2131,1.9,81.7
2013-08-07,81.1,81.7,76.0,76.0,3008000,234882000,1812,-5.7,76.0
2013-08-08,77.5,78.8,76.0,77.5,2489000,192733000,1572,1.5,77.5
2013-08-09,77.9,78.7,75.5,76.0,2329000,179094000,1320,-1.5,76.0
2013-08-12,74.6,74.6,70.7,70.7,3620000,257682000,1744,-5.3,70.7
2013-08-13,71.0,73.5,70.2,72.5,2480000,178383000,1583,1.8,72.5
2013-08-14,73.0,74.0,71.8,72.4,1496000,108537000,1069,-0.1,72.4
2013-08-15,70.8,72.7,70.8,72.0,1214000,87301000,956,-0.4,72.0
2013-08-16,72.1,77.0,72.1,76.7,4198000,317511000,2415,4.7,76.7
2013-08-19,76.0,76.4,74.2,75.0,1767000,133235000,1167,-1.7,75.0
2013-08-20,75.0,77.5,73.0,73.0,2077000,156754000,1380,-2.0,73.0
2013-08-22,72.2,74.0,72.0,72.8,1093000,79627000,807,-0.2,72.8
2013-08-23,74.2,74.3,72.9,73.2,997000,73250000,670,0.4,73.2
2013-08-26,73.2,73.9,72.7,72.7,623000,45509000,457,-0.5,72.7
2013-08-27,72.8,76.0,72.4,72.9,2152000,159103000,1463,0.2,72.9
2013-08-28,73.5,74.9,73.0,73.8,1125000,83065000,804,0.9,73.8
2013-08-29,74.3,74.3,73.1,73.2,574000,42200000,462,-0.6,73.2
2013-08-30,73.3,74.3,73.2,73.6,576000,42430000,447,0.4,73.6
2013-09-02,74.1,75.5,73.6,74.6,881000,65759000,602,1.0,74.6
2013-09-03,75.4,78.9,74.5,78.1,2982000,229676000,1971,3.5,78.1
2013-09-04,78.5,80.4,77.2,78.2,2284000,180931000,1521,0.1,78.2
2013-09-05,78.2,80.8,78.2,80.0,2235000,177890000,1393,1.8,80.0
2013-09-06,81.1,81.1,78.0,78.0,1202000,94996000,785,-2.0,78.0
2013-09-09,77.3,77.4,74.2,74.4,1671000,126118000,1004,-3.6,74.4
2013-09-10,74.5,75.4,71.5,72.5,1638000,119882000,970,-1.9,72.5
2013-09-11,72.6,74.2,72.3,74.2,785000,57485000,555,1.7,74.2
2013-09-12,75.0,75.5,73.9,74.1,655000,48910000,510,-0.1,74.1
2013-09-13,74.1,75.3,73.8,73.8,417000,31089000,323,-0.3,73.8
2013-09-14,73.8,74.1,72.7,73.3,471000,34626000,333,-0.5,73.3
2013-09-16,72.7,75.0,72.7,75.0,1102000,81745000,970,1.7,75.0
2013-09-17,75.0,75.7,74.0,74.2,660000,49344000,565,-0.8,74.2
2013-09-18,74.4,74.6,72.9,73.1,702000,51487000,506,-1.1,73.1
2013-09-23,73.2,73.6,72.0,73.0,505000,36804000,409,-0.1,73.0
2013-09-24,73.4,74.4,73.1,73.1,555000,40813000,445,0.1,73.1
2013-09-25,72.6,73.6,72.0,72.3,677000,49017000,515,-0.8,72.3
2013-09-26,72.0,72.1,67.3,67.3,3309000,225760000,1908,-5.0,67.3
2013-09-27,67.2,67.7,64.0,67.3,2514000,166293000,1550,0.0,67.3
2013-09-30,66.1,68.2,65.6,67.8,1102000,73636000,876,0.5,67.8
2013-10-01,67.8,69.6,67.2,68.7,1188000,81436000,854,0.9,68.7
2013-10-02,69.6,69.6,67.4,67.4,931000,63449000,660,-1.3,67.4
2013-10-03,67.5,68.7,66.0,67.2,1743000,117220000,1115,-0.2,67.2
2013-10-04,67.2,67.9,66.6,66.6,740000,49647000,543,-0.6,66.6
2013-10-07,67.0,67.4,64.0,64.1,1312000,85260000,878,-2.5,64.1
2013-10-08,64.1,66.1,64.1,65.7,953000,62292000,659,1.6,65.7
2013-10-09,66.2,68.0,66.0,66.4,1382000,92631000,973,0.7,66.4
2013-10-11,67.4,67.5,65.8,66.0,626000,41760000,432,-0.4,66.0
2013-10-14,66.0,66.9,61.4,61.4,2004000,125198000,1176,-4.6,61.4
2013-10-15,61.5,61.9,59.5,60.4,1356000,82299000,843,-1.0,60.4
2013-10-16,60.0,61.6,59.9,60.5,629000,38107000,493,0.1,60.5
2013-10-17,61.0,62.0,61.0,61.3,543000,33355000,414,0.8,61.3
2013-10-18,61.4,62.5,60.4,61.9,747000,46053000,529,0.6,61.9
2013-10-21,62.5,62.5,60.5,60.5,781000,47839000,483,-1.4,60.5
2013-10-22,60.5,60.5,57.3,58.9,1718000,101005000,1158,-1.6,58.9
2013-10-23,59.5,59.7,57.8,59.1,890000,52280000,591,0.2,59.1
2013-10-24,59.4,59.7,58.4,59.3,588000,34842000,412,0.2,59.3
2013-10-25,59.3,63.4,59.0,62.9,2375000,148062000,1557,3.6,62.9
2013-10-28,63.2,63.2,61.3,61.3,893000,55712000,668,-1.6,61.3
2013-10-29,61.3,62.2,60.2,60.5,643000,39295000,481,-0.8,60.5
2013-10-30,60.6,61.0,58.3,59.3,1311000,78052000,827,-1.2,59.3
2013-10-31,59.3,60.1,59.1,59.3,417000,24829000,295,0.0,59.3
2013-11-01,59.3,59.9,58.1,58.3,706000,41361000,533,-1.0,58.3
2013-11-04,58.0,58.8,57.3,58.1,613000,35689000,360,-0.2,58.1
2013-11-05,58.1,59.8,58.0,59.0,616000,36290000,459,0.9,59.0
2013-11-06,59.0,59.6,58.5,59.0,469000,27684000,346,0.0,59.0
2013-11-07,59.1,62.4,59.1,61.0,1225000,75117000,871,2.0,61.0
2013-11-08,61.0,61.7,58.8,59.0,674000,40449000,487,-2.0,59.0
2013-11-11,59.1,59.4,58.7,59.0,400000,23581000,289,0.0,59.0
2013-11-12,59.0,59.7,54.9,56.2,1618000,92220000,995,-2.8,56.2
2013-11-13,55.6,56.0,52.3,52.3,2242000,119484000,1050,-3.9,52.3
2013-11-14,52.3,52.3,49.8,51.0,2396000,122469000,1299,-1.3,51.0
2013-11-15,51.5,52.8,51.2,52.3,1041000,54146000,794,1.3,52.3
2013-11-18,52.0,52.7,50.5,51.0,530000,27235000,418,-1.3,51.0
2013-11-19,50.5,52.8,50.5,51.7,714000,37155000,528,0.7,51.7
2013-11-20,51.8,52.4,51.1,51.5,408000,21097000,338,-0.2,51.5
2013-11-21,51.5,52.2,51.0,51.0,267000,13741000,191,-0.5,51.0
2013-11-22,51.2,52.3,50.7,50.7,443000,22788000,301,-0.3,50.7
2013-11-25,51.0,51.5,50.8,51.2,211000,10780000,180,0.5,51.2
2013-11-26,51.2,53.5,51.0,52.4,1242000,65154000,763,1.2,52.4
2013-11-27,52.9,53.2,52.1,52.2,502000,26347000,356,-0.2,52.2
2013-11-28,52.8,53.1,52.0,52.0,553000,28990000,365,-0.2,52.0
2013-11-29,52.5,53.6,52.1,53.6,959000,50838000,638,1.6,53.6
2013-12-02,54.9,57.3,54.3,57.3,1691000,95777000,865,3.7,57.3
2013-12-03,58.0,58.6,57.4,57.7,1878000,108694000,1136,0.4,57.7
2013-12-04,58.5,58.8,56.5,57.5,1350000,77967000,779,-0.2,57.5
2013-12-05,58.2,60.3,58.1,58.6,1966000,116277000,1256,1.1,58.6
2013-12-06,58.7,62.7,58.5,62.0,2983000,182094000,1524,3.4,62.0
2013-12-09,63.3,63.4,60.3,60.3,1511000,92996000,955,-1.7,60.3
2013-12-10,59.5,59.9,57.8,58.0,1895000,111162000,1222,-2.3,58.0
2013-12-11,58.0,59.1,57.8,58.2,532000,31120000,345,0.2,58.2
2013-12-12,58.0,60.1,57.9,59.4,527000,31056000,390,1.2,59.4
2013-12-13,59.3,60.7,58.4,58.5,1406000,83629000,908,-0.9,58.5
2013-12-16,58.8,59.2,58.4,58.9,302000,17810000,238,0.4,58.9
2013-12-17,59.5,59.5,58.7,58.8,333000,19666000,227,-0.1,58.8
2013-12-18,60.0,61.5,58.9,60.7,979000,59239000,658,1.9,60.7
2013-12-19,62.4,62.4,60.0,60.0,681000,41335000,389,-0.7,60.0
2013-12-20,60.2,62.4,59.8,61.5,971000,59668000,660,1.5,61.5
2013-12-23,62.4,65.8,62.3,64.4,2739000,175904000,1706,2.9,64.4
2013-12-24,64.7,65.5,63.5,63.5,942000,60409000,679,-0.9,63.5
2013-12-25,63.9,64.4,62.5,62.5,794000,50271000,521,-1.0,62.5
2013-12-26,62.9,63.8,62.5,62.5,410000,25822000,303,0.0,62.5
2013-12-27,63.0,63.3,62.3,62.3,496000,31142000,334,-0.2,62.3
2013-12-30,63.2,63.2,59.9,60.9,897000,55013000,621,-1.4,60.9
2013-12-31,61.0,61.5,60.5,60.6,460000,28006000,307,-0.3,60.6
2014-01-02,61.0,61.3,60.1,60.3,598000,36153000,379,-0.3,60.3
2014-01-03,60.8,61.5,60.3,61.3,456000,27838000,343,1.0,61.3
2014-01-06,61.5,61.6,60.5,60.6,369000,22473000,240,-0.7,60.6
2014-01-07,61.0,61.5,60.9,61.0,191000,11685000,178,0.4,61.0
2014-01-08,61.5,65.0,61.5,64.5,2542000,163536000,1435,3.5,64.5
2014-01-09,64.5,64.9,62.6,63.0,772000,49185000,535,-1.5,63.0
2014-01-10,63.5,65.0,63.2,63.9,934000,59958000,612,0.9,63.9
2014-01-13,64.5,64.5,63.4,64.1,385000,24597000,263,0.2,64.1
2014-01-14,64.5,64.5,62.8,63.0,495000,31373000,367,-1.1,63.0
2014-01-15,63.8,65.4,63.5,63.6,1070000,69106000,687,0.6,63.6
2014-01-16,64.1,64.6,62.8,62.8,510000,32410000,353,-0.8,62.8
2014-01-17,62.8,64.5,62.7,64.0,716000,45598000,476,1.2,64.0
2014-01-20,65.0,68.4,65.0,68.4,4189000,281876000,2161,4.4,68.4
2014-01-21,68.7,69.2,67.0,68.8,2613000,178440000,1609,0.4,68.8
2014-01-22,68.6,69.7,68.1,68.4,1184000,81622000,707,-0.4,68.4
2014-01-23,68.9,71.4,68.2,69.5,2381000,166965000,1538,1.1,69.5
2014-01-24,69.5,70.2,68.8,68.9,941000,65202000,657,-0.6,68.9
2014-01-27,67.5,67.5,66.1,66.1,1248000,83058000,706,-2.8,66.1
2014-02-05,64.0,67.3,64.0,67.1,704000,46561000,555,1.0,67.1
2014-02-06,67.5,70.2,67.5,68.9,1581000,109426000,1081,1.8,68.9
2014-02-07,70.3,70.8,69.0,70.3,1245000,87202000,793,1.4,70.3
2014-02-10,70.3,72.7,69.3,71.0,1573000,112232000,1030,0.7,71.0
2014-02-11,71.5,73.4,71.5,71.7,1828000,132229000,1086,0.7,71.7
2014-02-12,72.0,72.9,70.9,72.0,1374000,98802000,846,0.3,72.0
2014-02-13,72.7,73.1,71.8,71.8,956000,69172000,668,-0.2,71.8
